CDR3	Value
CAGGGGHGELFF	0
CASSLWQGNQPQHF	0
CASSSLRGYEQYF	0
CASSQGEEGNEQFF	0
CASSYEGANSDEQFF	0
CASSTDRLSNTGELFF	0
CASLPKTGDNQPQHF	0
CASSRTSIHEQYF	0
CASGLLAGGPSLEQFF	0
CASSLAGTGLNTEAFF	0
CASSYLYRGEQYF	0
CASSLSFGILHF	0
CASSYTGESGANVLTF	0
CASTVDGYGYTF	0
CASSTGTSGRRETQYF	0
CASSPDRLSTGELFF	0
CASSYSPGQVNGYTF	0
CASSLNSNTEAFF	0
CASSLASGRETGELFF	0
CASSFSSTNYGYTF	0
CASSLVGSIIGYTF	0
CASALGDVSYEQYF	0
CAISAAGGVDEQFF	0
CASSLIGASGLYEQYF	0
CASSPTGFYNEQFF	0
CASSPLEDSSYEQYF	0
CASSGTAYGELFF	0
CASSPDGATNEKLFF	0
CASSNPEFDIQYF	0
CAWSGGTTEAFF	0
CASGNSAGETQYF	0
CASSFWARYTGELFF	0
CASSPGKGSGNTIYF	0
CASSQSLTGNTEAFF	0
CASSFNSNRELFF	0
CASSINSNTEAFF	0
CASSPGTAFYGYTF	0
CASSQEGSSNQPQHF	0
CASSLGGGNNEQFF	0
CASSLASQPEQFF	0
CASSVGGISYEQYF	0
CASSLGGGNTGELFF	0
CASSIDGPGNTIYF	0
CASSFGIDSARYF	0
CASSPGTAFYGYTF	0
CASSLGGGNNEQFF	0
CASSLGVNQPQHF	0
CASSLDKTGPDTQYF	0
CASSEGRGVYGYTF	0
CASSPRGKTDTQYF	0
CASSFSTHGEQYF	0
CASSQTGIDDQPQHF	0
CASSPVGSTDTQYF	0
CASSSTGFYNEQFF	0
CASSPTGYYNEQFF	0
CASSLAGDSYEQYF	0
CASSFISDTQYF	0
CAGRYRDRDYNEQFF	0
CASSLTGTPNNEQFF	0
CASSLHGGSNEQFF	0
CASSLLWSTYEQYF	0
CASSLGVNQPQHF	0
CASGGGQGAYNEQFF	0
CASSLLFPSVETQYF	0
CASSLAHGGDYEQYF	0
CASSSRTGGLGEQYF	0
CASRGENYGYTF	0
CASSLWTADSGNTIYF	0
CASSPLSWGSGNTIYF	0
CASSFNSNQPQHF	0
CASSLLGVFYNEQFF	0
CASSLSQGYYNEQFF	0
CASSSSEQLYEQYF	0
CASSQAAGEAFF	0
CASSLGPITGELFF	0
CASSIVARATGYTF	0
CASSLSGPLTEAFF	0
CASSLGGGNNEQFF	0
CASSYTGKSYEQYF	0
CASSLEFVYEQYF	0
CASANSGQETQYF	0
CASSYNSNQPQHF	0
CASSHGGDTEAFF	0
CASSSGQGGDEQFF	0
CASSLVQGDTGELFF	0
CASSLRDEGTDTQYF	0
CASSPEGLLNYGYTF	0
CAINQGGYEQYF	0
CASTGGSNTEAFF	0
CASSTHRQGQETQYF	0
CASSESWGTSNWEQYF	0
CASSLTGGMNTEAFF	0
CASSGAGLLYNEQFF	0
CASSIENPNEKLFF	0
CASRPVVLAGLDTQYF	0
CASSQVGTGNTEAFF	0
CASSPSGYNTGELFF	0
CASSLATGSNQPQHF	0
CASSYYRANTGELFF	0
CASTDSFYGYTF	0
CAISEEATGINQPQHF	0
CASSLIGGEQETQYF	0
CASRAKIGQYYEQYF	0
CASSPGGGNQPQHF	0
CASRSNRVWYEQYF	0
CASSGQGSAKNIQYF	0
CASSIVTGSTEAFF	0
CASSEEHRALEAFF	0
CASSILSGANVLTF	0
CASSYRDRHTDTQYF	0
CASTSWGQNTGELFF	0
CASSEEQAYEQYF	0
CASSLNQGEAFF	0
CASSHRETGSSYEQYF	0
CASSLGGTTYEQYF	0
CASSLQGANEKLFF	0
CASSINSNQPQHF	0
CASSYNSPGGELFF	0
CSVEGRQGQQVDTQYF	0
CASSYVPRANEQYF	0
CASSRGQGADNSPLHF	0
CASSLADGSYNAKRFF	0
CASNSQMGRTEAFF	0
CASSPAPKGGQYF	0
CASSYSLTGGFWSIYF	0
CASSATGMKQFF	0
CASSPDRGLGNTIYF	0
CASSRGSGELFF	0
CASSTGTGGADGYTF	0
CSVEDLGEYYNEQFF	0
CASSPLEAAEKLFF	0
CASSIVLGYGYTF	0
CASSQEATIGGYTF	0
CASGVHYNEQFF	0
CASKGQGNTEAFF	0
CASSFSGGADYNEQFF	0
CASSSGHGPSYEQYF	0
CASSLVGGTYEQYF	0
CASSPKGAGPYNEQFF	0
CASSFYLNEKLFF	0
CASSMFKNTEAFF	0
CASSLGAGAEAFF	0
CAISGADTEAFF	0
CASSSKGYTEAFF	0
CASSPGTTGGYTF	0
CASSLVAGGYEQYF	0
CASSYNRNGYTF	0
CATRTGANVLTF	0
CASSQAQGASYEQYF	0
CSVVTGPTNEKLFF	0
CASSPTRQTAYEQYF	0
CASSLRRQGNNQPQHF	0
CASSTFSHEQYF	0
CSVELAGKNTGELFF	0
CATYKGHLYGYTF	0
CASSQTEMVDTQYF	0
CASSLSGRAGEQFF	0
CASSGGQGSMPQHF	0
CASSDLAGGDTDTQYF	0
CAISGADSPLHF	0
CASSPASGVDDEQFF	0
CASSLRQSWMYEQYF	0
CATQTGTDNTGELFF	0
CASSLGGTNYEQYF	0
CATTVGGNLYEQYF	0
CASRGDRGQPQHF	0
CASSLRGQPRDEQYF	0
CASSWTSGGSYNEQFF	0
CASSLVSTDTQYF	0
CASSQGSGRYEQFF	0
CSVEGGGANTEAFF	0
CASSQDEWGQPDTQYF	0
CASSHGLSYEQYF	0
CASQGYWEGNNEQFF	0
CASGEEGPYEQYF	0
CASRGMRLQKNIQYF	0
CASSYTDRDGYTF	0
CASSKGQGAVTDTQYF	0
CATGRGSDTEAFF	0
CASSLLDTWVYEQYF	0
CASSLGAPGESGGYTF	0
CASSQHREEETQYF	0
CASSNTGSETQYF	0
CASIPGRRGAQYF	0
CASSLVGGSNQPQHF	0
CASSLNSGQETQYF	0
CASSDSAGRGDIQYF	0
CASSYGLGSYEQYF	0
CASSPKEGYEQYF	0
CASTPLGTDPYNEQFF	0
CASQTGLEYEQYF	0
CASSSKTGSYEQYF	0
CASSLEESGNTIYF	0
CASSYSIQRNTGELFF	0
CASSIFVAGNNSPLHF	0
CASGPGLYGYTF	0
CASSQDSGKYEQYF	0
CASSYSIGEDEKLFF	0
CASSLSSGGSPLHF	0
CASSNRADTQYF	0
CASSRTTGELGEAFF	0
CASTWISGGGGEQFF	0
CASQPGGSGYEQYF	0
CAWSTGTDEQFF	0
CASSFVTDLNEKLFF	0
CASSGTSGPYNEQFF	0
CASRIHRGNTIYF	0
CASSFSGGHDGYTF	0
CASSYGYIEAFF	0
CASTKDSSYNEQFF	0
CASSIISGRPGDTQYF	0
CATRGGRGLYNEQFF	0
CASSSGNSNQPQHF	0
CASGIVQGAVNEQYF	0
CASSMGQYTEAFF	0
CATSSRDRSAYEQYF	0
CASSSSGYSYEQYF	0
CAISLLAGGPYEQYF	0
CASSQVGSHQPQHF	0
CASSESGIGWEQYF	0
CASSLGQTYEQYF	0
CSVEMTGPSSYNEQFF	0
CAISQLTGAGDEQYF	0
CASSGAGLPYEQYF	0
CASSYSLVNTIYF	0
CASSLSGNTIYF	0
CASREEGVGYTF	0
CASSLAQGSNQPQHF	0
CARKGKLTGDTEAFF	0
CASSQEPRVLYEQYF	0
CSVEEAGQNTGELFF	0
CASSAIRGSNNSPLHF	0
CASSQFSGGYEQYF	0
CASSLRGTGGTEAFF	0
CASSPPGDGYTF	0
CASSPGQTEKLFF	0
CASGASSGNTIYF	0
CASQDGQNTEAFF	0
CASSDGDADTQYF	0
CASSPGRHKAFF	0
CASSLEASGNTIYF	0
CASTHLRGNEKLFF	0
CASRAGQKSYEQYF	0
CASSVTPTNYGYTF	0
CASSPQAWVGGNTIYF	0
CASSPNQRTGLLHF	0
CASSYEGANSDEQFF	0
CASSITTGNYEQYF	0
CASSYEGRRSGELFF	0
CASSQDTGETYEQYF	0
CASSQSGRSTIYF	0
CASSLGPPGLNTEAFF	0
CASSLEEQRAFF	0
CASSYGQSFEQYF	0
CASTYAGRNTEAFF	0
CASTPDRGLVAEAFF	0
CASSLGGTREQYF	0
CASRLGQGSNQPQHF	0
CASSRGLDEQFF	0
CASTSWGTNTGELFF	0
CASSQIGTGGEKLFF	0
CASSRRDPLSYNEQFF	0
CASSQTTGANQPQHF	0
CASSLVAGRFHEQYF	0
CASSLSRDTPFF	0
CASKSQGGTEAFF	0
CASSLGGLAQYF	0
CASLGGSTYEQYF	0
CASSQEGIRGKLFF	0
CASSFGRESDTQYF	0
CASSEVVSSGNEQYF	0
CASSLTSGGIETQYF	0
CASSMTSNEQFF	0
CASRQGTTTNEKLFF	0
CASSLPEGGGNTIYF	0
CAISPSTQAGEAFF	0
CASSLEGSHEQFF	0
CASSFWQGVGTEAFF	0
CASSVTSGSSYEQYF	0
CASSHPGTGPSYEQYF	0
CASSPRDGKNIQYF	0
CASSLDLQLPYEQYF	0
CASSITSGRNNEQFF	0
CAIGTPVKPQHF	0
CAISEGLGSEKLFF	0
CASSEERSHEKLFF	0
CASSLHGFTDTQYF	0
CASSFLKGQVDEQFF	0
CASSQVPGLASDTQYF	0
CASSVPGMVEQFF	0
CASSLGGTAGEQYF	0
CSVEDGGRFTDTQYF	0
CASRAGGLGTEAFF	0
CAISVEQGRHEQYF	0
CASSSGGFTEAFF	0
CASSSTLGLAVGELFF	0
CASSSGSSYEQYF	0
CASSLGFKVTDEQFF	0
CASYGGSGNTIYF	0
CASSLVPSEAGELFF	0
CASSLRRTGLIYEQYF	0
CASSPDAEPEQFF	0
CASSPRQYQPQHF	0
CASSPFSGYEQYF	0
CASSLSAGTGELFF	0
CASTTSARAYEQYF	0
CASSLPGVYEQYF	0
CASSKLDNLNTEAFF	0
CASSGAYTDTQYF	0
CASSTYTTDPYGYTF	0
CASESGTRGTDTQYF	0
CASSLGEVRETQYF	0
CVSETPNNYEQYF	0
CASSWTGDDGELFF	0
CAISELNTEAFF	0
CASSEGTSVGRDEQFF	0
CASSHFGLAVDTQYF	0
CASSQDFPAYDTEAFF	0
CATSGMSTEAFF	0
CASSYGLTSLDEQYF	0
CASSQDVGFSGNTIYF	0
CASSARTGVDGNTIYF	0
CASSSRTGGIGEQYF	0
CASSQDRRGTYGYTF	0
CASSKREDRGSYEQYF	0
CASSLGGGNNEQFF	0
CATSTRTGWGYEQYF	0
CASSQQLSGNTIYF	0
CASSLLGANIQYF	0
CASSVGKGTGTGELFF	0
CASSPQREVTDTQYF	0
CASTQWGIEQFF	0
CASSLSLTSAYEQYF	0
CASSCGGDQPQHF	0
CASSGGGEPEAFF	0
CASSQSVSGANVLTF	0
CASSLVGGSNQPQHF	0
CASSPMVAPLPYEQYF	0
CASGSIQGAVGYTF	0
CASSHGTSANTGELFF	0
CASSLFRKDEQYF	0
CASRPPGQGHGYTF	0
CASTITPQATDTQYF	0
CASSLFAGGDTDTQYF	0
CASSPAGGGFGNTIYF	0
CASRGQGVYNEQFF	0
CASSKRGYGYTF	0
CASSEGYSNQPQHF	0
CSVHLGNSNYGYTF	0
CASSQETGTGGYEQYF	0
CASSISPNSGNTIYF	0
CASSLYSGGEQYF	0
CASSPPGAWEQYF	0
CASSFWAGELFF	0
CASSQVGGSNQPQHF	0
CASSLAYSYEQYF	0
CASSQDRGGQETQYF	0
CASRLDKILETQYF	0
CASSLGQGIAEAFF	0
CASSGNSGTSTDTQYF	0
CASSQDGGQPQHF	0
CASSHGPERGEKLFF	0
CASSMNRNYEQYF	0
CASSPRPGNIQYF	0
CASSYSGASAFF	0
CASSQASGGTDTQYF	0
CASSQVVNTEAFF	0
CASSFINYGYTF	0
CASMGLMNTEAFF	0
CASGLFASGYEQYF	0
CASSPQSSYEQYF	0
CASSITSGRANEQFF	0
CASSFASGSSETQYF	0
CASSDPAGGHNEQFF	0
CASSHLTRDRADEQYF	0
CASTYRENEQFF	0
CASSLSNRGFREQYF	0
CASSPPDRELNGYTF	0
CASSPRQGAYNQPQHF	0
CASSTLGADTQYF	0
CASSFSGGDTQYF	0
CASSLGENSPLHF	0
CASSLGQGLVEQFF	0
CASSYSTNTGELFF	0
CASSQVDREGYTF	0
CASSPYQGANYGYTF	0
CASSYGQSYEQYF	0
CASSYGTGAYEQYF	0
CASSPVQGEAFF	0
CASSLETGGGYEQYF	0
CAISEGLAGAREQYF	0
CASSIDTGGAWNEQFF	0
CASSVEGGTTDTQYF	0
CAWSSGSGNQAQHF	0
CASSIVGASYEQYF	0
CASSLIIGPGRGVQYF	0
CASSKTEEEQYF	0
CASSQGPTIYEQYF	0
CASSFPGTAGNTIYF	0
CASSPGGNEKLFF	0
CASSIAGTREQYF	0
CAWSHFYTEAFF	0
CASSEFGRGTVQFF	0
CASSSTPRLAISPLHF	0
CASGSPRRDENIQYF	0
CASSFRQKNTEAFF	0
CASSGGQVEISPLHF	0
CASSDSLTVASNEQFF	0
CASSLYLAGSGELFF	0
CASSIFSNQPQHF	0
CASSNDRQRTQYF	0
CASSPLNYEQYF	0
CASSHGETGTAGGYTF	0
CASSAGSSRVTGELFF	0
CASSEEGAYEQYF	0
CASSQGIRVNTEAFF	0
CATPKTEGGYTF	0
CASSLEVFRANEQFF	0
CASSITGGSSNQPQHF	0
CASSPTVGHGYTF	0
CASSGTGGSEQYF	0
CASSLHGNTIYF	0
CASSLPSGDPNSPLHF	0
CASSQYSGISYNEQFF	0
CASSQGQASGQPQHF	0
CASSINSNTEAFF	0
CASSLGDYNSPLHF	0
CASSITQTTEAFF	0
CATEERDYYEQFF	0
CASSLWSENTEAFF	0
CASNGGANTEAFF	0
CASSLVGTSAYEQYF	0
CASSQVEGANSPLHF	0
CASSQGHTEAFF	0
CASRIRGADTQYF	0
CASSQETSGPYEQYF	0
CASTQGGDSPLHF	0
CASSARRGTQHF	0
CASSIDLGDYEQYF	0
CASSFLPGQVYEQYF	0
CASGKTGGITQPQHF	0
CASSQVVQGNEKLFF	0
CASSILGQDPGTEAFF	0
CAISEGTASVYGYTF	0
CASSLRAGAQYF	0
CASSFWTAVYGYTF	0
CAISVGDSNQPQHF	0
CASSGPPTYEQYF	0
CASSSTDGRHEQYF	0
CASSSLVGELFF	0
CASSLIGGTEAFF	0
CASSSPYNRDTQYF	0
CASSLTGSAEKLFF	0
CASRSSATSTDTQYF	0
CASSQESNINQPQHF	0
CASSQDTGYEQYF	0
CASSQFGGWGTEAFF	0
CASESRVSYEQYF	0
CASSEAVNTEAFF	0
CASSFPTGGPEAFF	0
CATSFAGNSYNEQFF	0
CASSLTAFNEKLFF	0
CASSSYTGELFF	0
CASSLGLGSDTQYF	0
CASKQGNTEAFF	0
CAVPGLDVGNEQFF	0
CASSIVGGDEQYF	0
CASSFEGLNYGYTF	0
CASSLVEWVTQYF	0
CASSPRQGTNDEQYF	0
CAPWTLHTDTQYF	0
CASSLEVPGGEKLFF	0
CASSQIAGGPQETQYF	0
CASSLMGLDTEAFF	0
CASSLGGQTYGYTF	0
CASTYEFRAGELFF	0
CASSFGMGDTQYF	0
CASSLGFRDSGEKLFF	0
CASSDSPTKAFF	0
CASSLGTQGAAREQYF	0
CASSLVGGSNQPQHF	0
CASSDPGTGVGNTIYF	0
CASSYSADSGANVLTF	0
CSVGGTGVYEQYF	0
CASSLWQLLEAFF	0
CASSTRDRASPLHF	0
CASSPGTGLGGQFF	0
CASSDLVGNGKLFF	0
CASSDSEGNGYTF	0
CASSATSGATYEQYF	0
CASSSEPSGRYEQYF	0
CASSYITGLGQPQHF	0
CASSLGTDYSPLHF	0
CASSIAGLAYEQYF	0
CASGKAYNQPQHF	0
CASSFGGAYEQYF	0
CASSPWEGLSSYEQYF	0
CASSHSGQGTYEQYF	0
CASTLGGSYNEQFF	0
CASSYLYRGEQYF	0
CASSSGLAINEQFF	0
CASSQVQGRYTQYF	0
CASSTPGLGAYNEQFF	0
CASSHNGNQPQHF	0
CASSFVAGNTGELFF	0
CASSLLDGRDDEQYF	0
CASSSTENNEQFF	0
CATSPLTNTGELFF	0
CASSSSGGSPYNEQFF	0
CASSTTGDGYTF	0
CASAGTGYEQFF	0
CASSFPMGASGNTIYF	0
CASSVEPIEVSNEQFF	0
CASSLLQGWTEAFF	0
CASSVSGTGMDTIYF	0
CASSLLGAGGLYEQYF	0
CASSRTGQGSDEQYF	0
CAVSLRDYNQPQHF	0
CASSGQTRPGEAFF	0
CASSIGTDTQYF	0
CAISESRGEGYTF	0
CASSLKAGTGELFF	0
CASSRGRNEKLFF	0
CASSVYGSSNQPQHF	0
CASSPRRGGNTIYF	0
CASSPDSGGNEQFF	0
CASSQVGPPKPEKLFF	0
CASSITGAYEQYF	0
CASSLRIRPYEQYF	0
CASSSREGFSGNTIYF	0
CASSSAKDGHTIYF	0
CASYTGEDTGELFF	0
CASSLFTTEAFF	0
CASPGLAGGYEQYF	0
CASSPLGGADYGYTF	0
CASSTTRWNTEAFF	0
CASSDLRTDTQYF	0
CASGLTTGWNTEAFF	0
CASSLGTSDPRYEQYF	0
CASSQGYGEPYGYTF	0
CASSPTLYRNEQYF	0
CASSLTDGYEQYF	0
CASSLSRGIRETQYF	0
CASSFEGTEAFF	0
CASTNPGQGYEKLFF	0
CASSHTSGGAIHEQYF	0
CASSEGLYISGELFF	0
CASRLGHRLSMGYTF	0
CASSFRLARGTEAFF	0
CASSILRRPLDGYTF	0
CASSIPGAGYNEQFF	0
CASSYLAGYNEQFF	0
CASSLDNSYEQYF	0
CASSPPSEYNEQFF	0
CASTGTGDPYEQYF	0
CASSIAMNTEAFF	0
CAISESALAANYGYTF	0
CASAPVMDNEQFF	0
CASSWQREGVHEQFF	0
CASSHTGTGMGEQYF	0
CASSTAVSPDIQYF	0
CASSSEFSGGSYEQYF	0
CASRHGRSTEAFF	0
CASSLTGALGGEAFF	0
CARVVGTGELFF	0
CASSFGQMNTEAFF	0
CASSVTGGDQKLFF	0
CASSSPARGRDTEAFF	0
CASSTTDRGDQPQHF	0
CASSSWGTDNVLTF	0
CASRALGNEQYF	0
CASSSLLHRGTDTQYF	0
CASSESTGTTDTQYF	0
CASSVVGRVQDTQYF	0
CAISEWAGNEQYF	0
CASSPSPGGTGNTIYF	0
CASSLYGTANTEAFF	0
CASSYPGGGQGEELFF	0
CASSPTGGDTQYF	0
CASSFGQEDEKLFF	0
CASRLEDAGELFF	0
CASSQGPISYEQYF	0
CASSIAGPDPYEQYF	0
CASSLTSGRNNEQFF	0
CASSLVGGSNQPQHF	0
CASSGLAGVREQYF	0
CASSIVADPYEQYF	0
CASSQDGQTVGLFF	0
CASSPGGTGSHEQYF	0
CASSLGLSGNTIYF	0
CASSWGGFNEQFF	0
CAIGVLRYGYTF	0
CASSYRDRKETQYF	0
CASSLGTGGTYGYTF	0
CASRLSSGANVLTF	0
CASSLWQTPVDTQYF	0
CASSIGNTEAFF	0
CAGGGGHGELFF	0
CASSQEDRFGELFF	0
CASSVDRADQPQHF	0
CASSLAAGGNTEAFF	0
CASMGTGNQETQYF	0
CASSRLAGAPDTQYF	0
CASSLARTITGELFF	0
CASSHLGSHNEQFF	0
CASSLGGRVDTQYF	0
CASSLGRGREPQHF	0
CASSSGIYQPQHF	0
CASSRQGNFYGYTF	0
CASSLGSRADNYGYTF	0
CASSARDRGRLFF	0
CASSLVRDTEPYEQYF	0
CASSFSKTGGNGYTF	0
CASSLDRVLYQPQHF	0
CASLRGNTGELFF	0
CASRGLAGDRNEQFF	0
CASSPLWEDEQYF	0
CASSQDGYEQYF	0
CATRTGANVLTF	0
CASSNSYTEAFF	0
CASSMVNYGYTF	0
CASSFDRTFEAFF	0
CASSLGGVREQYF	0
CASSLSGAASGNTIYF	0
CASSLRTETTYNEQFF	0
CASSEGSTGIRNTIYF	0
CASSWTSGGCEQFF	0
CASSPTSGVYEQYF	0
CASRTGYNEQFF	0
CASSAYDRATEAFF	0
CASSAGGPYNEQFF	0
CASSLAPSTEAFF	0
CASSQGGVTDTQYF	0
CASSLVWGNTEAFF	0
CASLAASTDTQYF	0
CASSIVFGTDLYEQYF	0
CASSLGPFTGELFF	0
CASSQGVGMNEKLFF	0
CASSYSERIGYNEQFF	0
CASRGGDSGNTIYF	0
CASSIFSGSNQPQHF	0
CASSTEAYLNTEAFF	0
CASSRTGRTGELFF	0
CASSPLWDRGYNEQFF	0
CASSQDTRVVNTEAFF	0
CASSGLASNEQFF	0
CAWKPRIGGNTGELFF	0
CATSPKRGLADNEQFF	0
CASSPGTGNNEQFF	0
CASSIDRSGFIVEAFF	0
CASSQSPTAAGTEAFF	0
CASREGFTEAFF	0
CASNIHLLTSSTDF	0
CASSQVFQRGQETQYF	0
CASSELPGQGSGYTF	0
CASSWETGTMNTEAFF	0
CASSLSVPLRNEQFF	0
CASSLTSGPYNEQFF	0
CASSPRGTGENEKLFF	0
CASSFSGQPQHF	0
CASSQAVRAGGNTIYF	0
CASSLAASYEQYF	0
CASSSVGPYEQYF	0
CASSLSPGGSYEQYF	0
CASSQVLQGGQPQHF	0
CASSMRGAGNQPQHF	0
CASSEAEGTGWNTIYF	0
CASMKGDSNQPQHF	0
CASSVGQGYEQYF	0
CASSSPAGNGGELFF	0
CASSPTGFIDNEQFF	0
CASSFGRGNTEAFF	0
CASSDPSGVGYEQYF	0
CASSIYSSSYEQYF	0
CASSFSYPNNEQFF	0
CASSYSFSADEQFF	0
CASSEWTGNYNEQFF	0
CASSPAVSSYEQYF	0
CASSDREHTNSEKLFF	0
CASSQVLGVGYGYTF	0
CASSPKLGPYEQYF	0
CASSIDLTVYTGELFF	0
CASSQISSGEQYF	0
CASSRLAASYNEQFF	0
CASSDPRDSQETQYF	0
CASSHPPGTLFDEQFF	0
CASSPRTVNTIYF	0
CASKETGGTEAFF	0
CASSLQSSGNTIYF	0
CAWSVVRGPSEKLFF	0
CASSSLAGRDEQYF	0
CASSPTPSDTQYF	0
CASRSGLAPGEQFF	0
CATSSARGQIYGYTF	0
CASSYPDRDHYNEQFF	0
CASSQTTSPHYEQYF	0
CSVLQGLGAGNTIYF	0
CASSIAAGGIDTQYF	0
CASSSLGGLTNEQYF	0
CASSIGDQPQHF	0
CAWRITTGGNYGYTF	0
CASSYPLAAAYNEQFF	0
CASSHDWGLSEQYF	0
CASSYAGSGEAFF	0
CASASGTSAYEQYF	0
CASSSTLNTDTQYF	0
CASSYGTGQSYEQYF	0
CASSLGRRGNQPQHF	0
CASIQTSWGEQYF	0
CASTARLSNTIYF	0
CASSSRGQSDTQYF	0
CASASGTYEQYF	0
CASSQVLQVLLHGYTF	0
CAISDVLAGGTDTQYF	0
CASSEVGTGATDTQYF	0
CASSEEPGAYNEQFF	0
CASSFRPGRAKNIQYF	0
CASSLGGEKLFF	0
CASSLRPLGGGYTF	0
CASSLTGGAYEQYF	0
CASSLPPGPSTDTQYF	0
CASSRLRAGARNEQFF	0
CASSLRTEVPGELFF	0
CASSPDRGIYEQYF	0
CASSSGIREKLFF	0
CASSPTGGAYEQYF	0
CASGLDRGNEQFF	0
CASRYDGAYEQYF	0
CASSFLTDEQYF	0
CASSSLAGGDNEQFF	0
CASSPGWSGGEKLFF	0
CASTPDRLYNSPLHF	0
CASGLQAVNTEAFF	0
CASSHPGGPSYEQYF	0
CASSLAGTEAFF	0
CASSPWRTVANYGYTF	0
CASSLARTVQETQYF	0
CASSYYPGREQYF	0
CASSPGTGGNEQYF	0
CASSGGDSRAFF	0
CASLNPDRMNEKLFF	0
CASRPGTHYEQYF	0
CASSLGQGAGEQFF	0
CASSYTVSDIQYF	0
CASRRGQGADYGYTF	0
CASSYLGPSTDTQYF	0
CARRFGGRRYTDTQYF	0
CASGALDNEQFF	0
CASRTEGAQWTEAFF	0
CASSEAWDTEETQYF	0
CAIGGQGANYGYTF	0
CASSRRDRAYGYTF	0
CASSFLEDYEQYF	0
CAGTPVASGKYEQYF	0
CASSLSGLAGADTQYF	0
CASAPALTYEQYF	0
CASSATTSGSHYEQYF	0
CASSLAQGYVEQYF	0
CASSLDRFGGELFF	0
CASRQGIAGTDTQYF	0
CASSMDSYSNQPQHF	0
CASSPGQGWNYGYTF	0
CASSFGAGEISEQFF	0
CASTSGPGGVQPQHF	0
CASSLGDGTYEQYF	0
CASSPASYNEQFF	0
CASSIGAGGDYGYTF	0
CASSSHGDRGTDTQYF	0
CASSQGPSSYEQYF	0
CASSVGAGGVYEQYF	0
CSAQFGAQNTEAFF	0
CASSFTGNTIYF	0
CASSQDFQANTETQYF	0
CASSDPEKEAFF	0
CASSRVYGELFF	0
CASSLLPLNTEAFF	0
CASSLSGRAADTQYF	0
CASSTDREWYEQYF	0
CASSPQGHTQYF	0
CASSADRIPYEQYF	0
CASSPGGADYGYTF	0
CASRGRPGYEQYF	0
CASSQFTGGYEQYF	0
CASRRLPIYEQYF	0
CASSQDVGAGANVLTF	0
CASSLGGAEAFF	0
CASSFAGQKQAFF	0
CSVGTPGEAYEQYF	0
CASTKRGVGQETQYF	0
CASSSPSDRANYGYTF	0
CASSQENQGKAEQYF	0
CASSPVGYGVAEAFF	0
CASSFASGNEQFF	0
CASRRAGGNEQFF	0
CASSRTASQEAFF	0
CAITGSNTGELFF	0
CASSTGTLPYEQYF	0
CASSPYNNYGYTF	0
CASSLGVFGSSYEQYF	0
CASSLFGNEQFF	0
CASSQELAAPPYEQYF	0
CAITPSEREYEQYF	0
CASSSPTSPTIYF	0
CASSVLRDYGYTF	0
CASSWGQGANEQFF	0
CASSIFGYSSYNEQFF	0
CASSTPKGLDTQYF	0
CASEWGPGYNEQFF	0
CAISLGGGGSEETQYF	0
CASSMGTSSYNEQFF	0
CASSSGLSYEQYF	0
CASSQDRASSAGELFF	0
CASSPTGYYNEQFF	0
CASMRQAANQPQHF	0
CASSFETAYGYTF	0
CASSFQGHQPQHF	0
CASQGVNSNQPQHF	0
CASSHDSLFWEQYF	0
CASSLDNSYEQYF	0
CASRYRAGITEAFF	0
CASSEGALAKNIQYF	0
CASSQPGTGEGEQYF	0
CSVVGWAGEAEAFF	0
CASGGSLGTDTQYF	0
CASSVADGALYEQYF	0
CASSIGQGSIDTQYF	0
CASSPPAHMNTEAFF	0
CASSVYSESNQPQHF	0
CAAKDRGYGYTF	0
CASQGTGGYEQYF	0
CASSATSSEQYF	0
CASRRTGLYEQYF	0
CASSDSWGTDTQYF	0
CASGLDTVGPEQYF	0
CASSSPGGFFPDTQYF	0
CASSPHNQPQHF	0
CASSETGGLANEQFF	0
CASSFASGSSYEQYF	0
CSAGTGSSYEQYF	0
CASRWLNQPQHF	0
CASSEYESSPGELFF	0
CASSSNGNQPQHF	0
CASSPRQGAYEQFF	0
CASSVVGRWNQPQHF	0
CASSLSSGFNEQFF	0
CASRWDSSSYNSPLHF	0
CASSLDRSGTGELFF	0
CASSELGRYEQYF	0
CASSYSRAVGLLGYTF	0
CSVDEGSDQPQHF	0
CATSRASGATDTQYF	0
CASSDKWNAEAFF	0
CDNPWRETVTDTQYF	0
CASSKEGGWELDGYTF	0
CASSPTGPYEQYF	0
CASSEWGGSTYEQYF	0
CASSLARRRGMQYF	0
CASSGDRGGDNEQFF	0
CASSSGTFKDSPLHF	0
CASRPLTNNYGYTF	0
CASSPEGADYNEQFF	0
CASSLGGVNTGELFF	0
CASSFNAGGFYEQYF	0
CASSLAGGSPLHF	0
CASSLGGGTEAFF	0
CASSNGGGANEQFF	0
CASHLSGGAVLGELFF	0
CASSESNSYEKLFF	0
CASSLTGTAYEQYF	0
CSVAGGTGELFF	0
CATSRDRTGVYGYTF	0
CASQGTVIGLNTEAFF	0
CASSWGYSSSYEQYF	0
CATSYSNQPQHF	0
CASSQDDWGEGYEQYF	0
CASSSRTVTDTQYF	0
CASNGGTTYEQYF	0
CASSLLGTSGPGELFF	0
CASSILVPGQGKPYTF	0
CASSELGQGTDTQYF	0
CASTPGQLSSEAFF	0
CASSLFRTGGPDTQYF	0
CASSEGLETQYF	0
CATSDRLGSPLHF	0
CASSPGGGLGDTQYF	0
CASSLLGSGNTEAFF	0
CASSMGQGSYEQYF	0
CAIPPSGGASEQYF	0
CASSQDPAEVSYEQYF	0
CASSEWDNKNTEAFF	0
CASSDPKKGNGELFF	0
CASNSWTVSNQPQHF	0
CASGTGYGDSYEQYF	0
CASSAGQALLNEQYF	0
CASSTGTNYEQYF	0
CASSVVCCGDTQYF	0
CASGTSGIPRYF	0
CASSFGFYEQYF	0
CASSQDYRPLNYGYTF	0
CASIWMGGANVLTF	0
CSVVGGSGELFF	0
CASSFMSSGNYEQYF	0
CASSPDRAPLKEQYF	0
CASSSYFSGASYEQYF	0
CASIGQKFYGYTF	0
CASSSSISEAFF	0
CASSPPSQVRGTEAFF	0
CASSLGWGQGADTQYF	0
CASSLYSVGNEQFF	0
CASSLSPLAGINEQFF	0
CATGQGHGELFF	0
CASSYSYGYEQYF	0
CASSLAISRRKQLFF	0
CASSSLGEANYGYTF	0
CASSFEYLGMEETQYF	0
CASSFSPEALDYEQYF	0
CASRQGSLGYTF	0
CASSRPLYRPGELFF	0
CASSLKSAGLVNEQFF	0
CASSFFSGAEQYF	0
CASSLLGYNEQFF	0
CASSLDSNYGYTF	0
CASSHTTGLAIYEQYF	0
CASSFSGGYEQYF	0
CASSFPGSYEQYF	0
CASSSLRGYEQYF	0
CSVVGVAFGTDTQYF	0
CASVPDVNTGELFF	0
CASSLESDTQYF	0
CASSSLRGYEQYF	0
CASSPQTGFYEQYF	0
CASSPRRGSGYTF	0
CASSSRGAYEQYF	0
CASSLPGGAKNIQYF	0
CASSGEPDTQYF	0
CASSSTPATANYGYTF	0
CAWSGGGRAEAFF	0
CASSYGGAGELFF	0
CASSGTGGNTEAFF	0
CASLDRGHTEAFF	0
CASSSGLAGNNEQFF	0
CASSLDAPTEAFF	0
CASGDGSYEQYF	0
CASSVSTIQGYNEQFF	0
CASSQEQWNEQFF	0
CASSPRTVNEKLFF	0
CASSGQGVEQFF	0
CASTPRGQGLTEAFF	0
CASSEPGGVTEAFF	0
CATSRDRGGGQPQHF	0
CASSEGQGARIYEQYF	0
CASSFGTAQPQHF	0
CASSNLDGSYPEYF	0
CASSQLTGGKGETQYF	0
CASSIQDGVQYF	0
CASSLRQGNYTF	0
CSVGLWRGQGEAFF	0
CASSLVGGSNQPQHF	0
CASSFSAGNYEQYF	0
CASSQGEEGNEQFF	0
CSVVGQNGGYTF	0
CASSERGTVYEQYF	0
CASSWDNSAGSEQYF	0
CASWAVNTGELFF	0
CATQRGAAYNEQFF	0
CASSVVGTGYNEQFF	0
CASTDHPGLRTDTQYF	0
CASSFRGPETQYF	0
CSVAGGRAHVEQFF	0
CASSYTGLAGGNEQFF	0
CASSYGVDGAFYEQYF	0
CASTANTGELFF	0
CASSQGQGSYNEQFF	0
CASSLLLAGPYEQYF	0
CASSGRATHGYTF	0
CATSVDRNNSPLHF	0
CASSQGEEGNEQFF	0
CASSRFDLGAFF	0
CASSEWEGSPYGYTF	0
CASSLSPGVTDTQYF	0
CASSLVGQGDEQYF	0
CASRFPRGNYEQFF	0
CASSFGTGGEQYF	0
CASSGYNTEAFF	0
CASSPGGTGELFF	0
CSVESGDYGYTF	0
CASSTHITDTQYF	0
CASSVRGETQYF	0
CASSLALQDNSPLHF	0
CSVETTSGSSYEQYF	0
CASSQESGPTYEQYF	0
CASSYILASGGYEQYF	0
CASRVIGGNQPQHF	0
CAISAASGRSYNEQFF	0
CASRNGLAGVNEQFF	0
CSVEGVYYEQYF	0
CASSLWGLGNQPQHF	0
CASSIWGGVQETQYF	0
CASSEWEDYEQYF	0
CASSPQGIWSEKLFF	0
CASSLAAYEQYF	0
CASSVLAEVYNEQFF	0
CASSLERTGAKNIQYF	0
CASSDWGESYEQYF	0
CASSLDTASVSYEQYF	0
CASRLAGAADTQYF	0
CASTSQGDYGYTF	0
CASSQAGGYEQYF	0
CASSVLGAETQYF	0
CASTPSGGPFYEQYF	0
CASSQDHAEAEQFF	0
CAISESGLLRGYEQYF	0
CASSLQPNYYEQYF	0
CASSYTGLAGGNEQFF	0
CASSPNPGGAYEQYF	0
CASGSTTDLNSPLHF	0
CASSLLGSETQYF	0
CASSLGPGKSYNEQFF	0
CASSDRSSYEQYF	0
CASSVVQGQNTEAFF	0
CASSSSGGNTEAFF	0
CSVEAQGGRYGYTF	0
CASSLVQDYEQYF	0
CASSLFVDGGYNEQFF	0
CASSYPDRGHYGYTF	0
CASSLQATGELFF	0
CASSQEQRSSYEQYF	0
CASNKGERSYEQYF	0
CASSPDRGSNGYTF	0
CASSEYGRYEQYF	0
CASSFLQGADGYTF	0
CASSFFLSTGELFF	0
CASSIGPGGWYGYTF	0
CASSSGRRGTEAFF	0
CASSVAGGEYEQYF	0
CASSIDLQNTEAFF	0
CASSLAGTTLYEQYF	0
CASSANRGANYGYTF	0
CASDMWGDNEQFF	0
CASSQTRGTDTQYF	0
CASSLGGVDEKLFF	0
CASSSREPLWNTEAFF	0
CASSWAQDTEAFF	0
CASSVGFKNTEAFF	0
CASSPNRDTQYF	0
CASGWGGNTIYF	0
CASSLTSYNEQFF	0
CASLDRVTDTQYF	0
CASSPIGGGNQPQHF	0
CASSRQRGGETQYF	0
CASSNILAGKETQYF	0
CASTSWGLNTGELFF	0
CSVVLRTGELFF	0
CASSPDGSPEQWYF	0
CASSRDGLRDSPLHF	0
CASSLTGTTSYEQYF	0
CASSQDLTQEIYEQYF	0
CAWSVSAGYEQYF	0
CASSFLGSNQPQHF	0
CASSIGTRSSYEQYF	0
CSVVGPNTGELFF	0
CASSEYLAGANVLTF	0
CASLYAGANTGELFF	0
CASSLSRSSYNEQFF	0
CASSSLGTAFNEQFF	0
CASSFRDYRYEQYF	0
CASTGLKGQSNQPQHF	0
CASSPGPYEQYF	0
CASSPRRAVPNEQFF	0
CASRDSDSYEQYF	0
CSVEDPLGDLPDTQYF	0
CASSVASGSPGELFF	0
CASSALQGTSTDTQYF	0
CASSSYGRETDTQYF	0
CASSQVRGSGTDTQYF	0
CASSPNSGSYGYTF	0
CASSQFGGPKNIQYF	0
CASSLGQGATEAFF	0
CASSSVLSGSSYEQYF	0
CASSPLLSGNTYEQYF	0
CASSGRVYPYNEQFF	0
CATTGVHNEQFF	0
CASSPGTGSTEAFF	0
CASSPGLALYEQYF	0
CASSYRVTEAFF	0
CASSQVSSAAYEQYF	0
CASSATSYEQYF	0
CASSWAKDTQYF	0
CASSLGAGANTGELFF	0
CASSSDRDYTDTQYF	0
CASSQAGVGYNEQFF	0
CSVVSGSYEQYF	0
CATSKNRGINYGYTF	0
CATSQGLNTEAFF	0
CASSPRTGGNYGYTF	0
CASSTWTGRTDTQYF	0
CATGAGRLDNEQFF	0
CASSLDVGGPYEQYF	0
CASSSRLAPGDTQYF	0
CASSPSSGGAGEQYF	0
CASTKRSGVPYEQYF	0
CASSDLDGAGELFF	0
CASSPKTGGDTEAFF	0
CASTSRELTDTQYF	0
CASSQDWPRTDTQYF	0
CASSLKLADLYEQYF	0
CASSQAQAGTEAFF	0
CASSLAGKDYEQYF	0
CASSIRGVETQYF	0
CASSYLGGETQYF	0
CASSLEQGVGYEQYF	0
CASSIVAGSNQPQHF	0
CASSESRLNTEAFF	0
CAIGQGIVYEQYF	0
CASSGDRDYGYTF	0
CASAHVGFEAFF	0
CASSSLRGYEQYF	0
CASRRTVGNTEAFF	0
CASSSRQTSTDTQYF	0
CASRLAGANVLTF	0
CASSLSWGGNEQFF	0
CASSQTKPYGYTF	0
CSGGPSSYEQYF	0
CAWRQWTVNTEAFF	0
CASSQAPWDLEQYF	0
CASSQDGWAEAFF	0
CASSQEPGQAYEQYF	0
CASSTTGVEQYF	0
CASSLVGGGNTEAFF	0
CASSPTTGGFEQYF	0
CASLKGTSGRANEQFF	0
CASSYRGRTEAFF	0
CASSQPRQGGNTEAFF	0
CASSLMGQGANEQFF	0
CASSSGGTLNTEAFF	0
CACRQENTGELFF	0
CASSLVLWNEQFF	0
CASSYGTSGRNEQFF	0
CASSLDRDGYTF	0
CASTRDTAYNEQFF	0
CASRSEQGISYEQYF	0
CASSFPSGANTGELFF	0
CASSLAASGRADTQYF	0
CASSTGLAGFSYEQYF	0
CSVVTPNGDQPQHF	0
CASSVGGGSADTQYF	0
CASSSQTDNEQFF	0
CASSEGFSYEQYF	0
CASSLSGASTDTQYF	0
CASSDGRNYHVELFF	0
CASSQDDRESSYEQYF	0
CASSYGTSGSYEQYF	0
CASSLRGAPNTEAFF	0
CASGLSPHHYDEQYF	0
CASSSGYWQPQHF	0
CASGLVRGGGAYEQYF	0
CASGLENAADTQYF	0
CASSFPGVEQYF	0
CASSFSENYEQYF	0
CASSYTGTGANVLTF	0
CASSQPRVGTDTQYF	0
CASSLGGGPQHF	0
CASSLFGNEQFF	0
CASSPARDRGVYTQYF	0
CASSPQINYEQYF	0
CASSYSGLGYGYTF	0
CASSLVGGSNQPQHF	0
CASRHPGQGDNEQFF	0
CASRQGAQGYAEAFF	0
CASSPVRHTENTEAFF	0
CASKVEGYEQYF	0
CASSFRQESPYEQYF	0
CASSLQGLGEQYF	0
CASSPPQGFPTDTQYF	0
CASSFAGGSYEQYF	0
CASSQDRLTAGETQYF	0
CASSPSGDMYNEQFF	0
CASSLVLYEAFF	0
CASSQDFPGALGYTF	0
CASSLGAGGHYEQYF	0
CASSLPSSYEQYF	0
CASSEAGPVYEQYF	0
CASSEFYGNTGELFF	0
CASSLVPANNEQFF	0
CASSVYKGSYEQYF	0
CASSFPSDTEAFF	0
CAWILRERVGSYGYTF	0
CASSFSGRAMLGAQYF	0
CASSLVGVEQFF	0
CASSLQDSLLGAFF	0
CASSPGTGYEQYF	0
CASSSALFYEQYF	0
CASSLRSGKREQYF	0
CSVVGGLRGYEQYF	0
CASSFWDNEQFF	0
CASSVGLNEQFF	0
CASSLAASYEQYF	0
CASSDPGTADGYTF	0
CASKVAGGPLDEQYF	0
CASSQGPHHNQPQHF	0
CASSLGTGLAVYEQYF	0
CASSVGHNSGNTIYF	0
CASSSVRENEQFF	0
CASSLSPAALDGYTF	0
CASSFGGFNEQFF	0
CASSPRSTGTDTQYF	0
CASSGGLGYEQYF	0
CASSAYFRETNEKLFF	0
CASSEAFSPLHF	0
CASSTGPRTNYGYTF	0
CAISGSSGGSNEQFF	0
CASSELDYEQYF	0
CASSVEGNTEAFF	0
CASMPLTSGSYEQYF	0
CASSPWTQSTDTQYF	0
CSVVPGQRTVQYF	0
CASSLPTGVYGYTF	0
CASSIAEGVNYGYTF	0
CASSLWTGGGELFF	0
CASSSGLARETQYF	0
CASNYGSPTHEQYF	0
CASSLLGGRDTEAFF	0
CASSHPGGEQFF	0
CASSQDRASGVPIQYF	0
CASSLGYWGLNTEAFF	0
CASSSTSGELFF	0
CASSDTGTEGPHTF	0
CASSQDRNQPQHF	0
CASSLAGGPLFEQYF	0
CSVSGGERTYEQYF	0
CASSLAGTGLNTEAFF	0
CASSLDSNSPLHF	0
CASAPGEGVHEQYF	0
CASSDTGSGYGYTF	0
CASSAYGGSYNEQFF	0
CASSSPGLPETQYF	0
CASSLLPGNYGYTF	0
CSGEGPPTYEQYF	0
CSVEDRSYGYTF	0
CASSVPAGVDTGELFF	0
CASSPRTSGTYEQYF	0
CASSLQGAGHNEQFF	0
CASSESGRATDTQYF	0
CASSLTGAVTEAFF	0
CASGERGSYNEQFF	0
CASSTADGLGYGYTF	0
CASSQVGWEQYF	0
CASSQDLGFTYYEQYF	0
CASSQELHPYEQYF	0
CASSQDLSEWYNEQFF	0
CASSLPGESSYEQYF	0
CASSQDRSASYGYTF	0
CASSSQNTGELFF	0
CASSLDSSYEQYF	0
CASSPQGSYGYTF	0
CASRLWGPFPGELFF	0
CASSLGVGNEKLFF	0
CASSLSGLEAFF	0
CASSQDWRGSYNEQFF	0
CASSSSRTGEQFF	0
CASSPRGTSSETQYF	0
CASSLALDSGGHEQYF	0
CASMLIGGNTEAFF	0
CASSDGQGSNTGELFF	0
CASSLRTGLNSPLHF	0
CASSLTGGGYEQYF	0
CASSPLGTFNTGELFF	0
CASSFGLAGLDTQYF	0
CASSGDGPYEQYF	0
CASSRQGVPYEQYF	0
CASSLVAAYNEQFF	0
CASSLGGQGPETQYF	0
CASSMGPRGISNEQFF	0
CASSPIGQGGDEQFF	0
CASSIDLGQPQHF	0
CASSFGGDQIDHEQYF	0
CASSLGTSGSPDTQYF	0
CASGDSPESYNEQFF	0
CASEDFTHKEQYF	0
CASWGLAGGLNEQFF	0
CASSPRFLSNTEAFF	0
CASSFSSGGADTQYF	0
CASSFLVVQETQYF	0
CASSQDVGLYNEQFF	0
CASYQGTPGEQYF	0
CAWRGRADTEAFF	0
CASSSRQGLGYTF	0
CASSSTPGLEQYF	0
CASSITDGTGVNEQFF	0
CASSQEVTSYEQYF	0
CASSPSWGAYEQYF	0
CASSLQGINSPLHF	0
CASSLLGVEELFF	0
CSVWGAGPSYEQYF	0
CSVPGQGVDWETQYF	0
CASSSLAGGDDNEQFF	0
CASSFLPGTDTQYF	0
CASSAWLNYGYTF	0
CATRDRGGYEQYF	0
CASSFGQMNTEAFF	0
CASSVVAQRWRYF	0
CASSVEQGLSGNTIYF	0
CASSTSGQFWDEQFF	0
CASSRTLNEQFF	0
CASSQDRTGKNIQYF	0
CSAWEIGENTGELFF	0
CASGRTSGSTDTQYF	0
CASSPNGFTEAFF	0
CASSWVSLSTDTQYF	0
CASSLSGTQPQHF	0
CASRLVSSGGDNEQFF	0
CASSIGTGSSYEQYF	0
CASSITGQGGGYTF	0
CASSLGQNNSPLHF	0
CASSWDRHDGELFF	0
CASSLTSGPYNEQFF	0
CASSLSGLETQYF	0
CASGFQGFTGELFF	0
CASSLADSYGYTF	0
CASSPTGYEQYF	0
CASSLGRAGNQPQHF	0
CASSLRTGDVETQYF	0
CASSLYSNQPQHF	0
CASRRQGLVTEAFF	0
CASSQDSLHSDAPQYF	0
CASSLTTGQGSYEQYF	0
CATQGGGAPSYEQYF	0
CASSLGGGKAFF	0
CASSSGYKETQYF	0
CASSLSPLDTQYF	0
CASSLRRGGNNYGYTF	0
CASSLYRGRYNEQFF	0
CASSDNRGGGTEAFF	0
CASSLQGGPYEQYF	0
CASSLTGTDTQYF	0
CASSLWDGTGNEQFF	0
CASSPIDRGNNEQFF	0
CASSDHGRGGTEAFF	0
CASSQAGIEGYNEQFF	0
CAWRATGTEAFF	0
CASSDTVAGEQFF	0
CASSLDAFPEAFF	0
CASSKGGRDYGYTF	0
CASSTGLSGANVLTF	0
CASSPDRGPSYGYTF	0
CASDSSGGSTGELFF	0
CASSSPPYEQYF	0
CASSQGEEGNEQFF	0
CASRRWGGAYEQYF	0
CASSYWGSTDTQYF	0
CASSWTNYNEQFF	0
CASSLTSGGNQETQYF	0
CASSSQGNYGYTF	0
CASSESNFWETQYF	0
CASSPGTGGFEQFF	0
CASTSGNSYNEQFF	0
CASSYWGSGPNNEQFF	0
CAWSPTGVHEQFF	0
CASSPGTVSYEQYF	0
CASMGLGMFGELFF	0
CSVRLVTSTDTQYF	0
CASSLAGTGGQFF	0
CAWSRGGTEAFF	0
CAISATRLNEETQYF	0
CASSWGANTEAFF	0
CASSPYTAGELFF	0
CSVEEGSGGELFF	0
CASSQGADTQYF	0
CARGGVLTDTQYF	0
CASSLSAGPSYEQYF	0
CASSFGPTKYEQYF	0
CASSWGLGGEQFF	0
CASSELPKGPDTQYF	0
CASSERQGTSRYEQFF	0
CASSLTSGGTYEQYF	0
CASSATSGRLNEQFF	0
CASSIGAGVPETQYF	0
CASSMPPGTNEQFF	0
CASSLSGGPYEQYF	0
CASSQVDAGPHYEQYF	0
CASSADLVAAEQYF	0
CASSIVPRGDDEQFF	0
CASSLGWGQRSYEQYF	0
CASSPRTDTQYF	0
CASTPIAGDNPGGYTF	0
CASSQDATRVEQYF	0
CASSAGLMNTEAFF	0
CASRVGGGWLDEQYF	0
CASSPRGGSYEQYF	0
CASSLDPGEPQETQYF	0
CASRAGHPVYGYTF	0
CASSLTNLGTQYF	0
CASSQWRELYWETQYF	0
CASSLAPAYEQYF	0
CASSRSPDGYTF	0
CASSFDGTHEQFF	0
CASSPTGTNEQYF	0
CASSQGTSGYEQYF	0
CAGTGSAYNEQFF	0
CASSLGNDNEQFF	0
CSLHPSGSYNEQFF	0
CSVGALEETQYF	0
CASSLEGAMIQETQYF	0
CAGGGGHGELSF	0
CANALSVAVGNNEQFF	0
CATGNSLNTEAFF	0
CASSQDLVAGEETQYF	0
CASSIQGANEQFF	0
CASSDIPYGKYEQYF	0
CAWSGTYGTEAFF	0
CASSFTGTSSYNEQFF	0
CASSLGLLSSYEQYF	0
CASSQIAGGGETQYF	0
CASSFGRQETQYF	0
CASSPLGRTGELFF	0
CASSARDRPSGEQYF	0
CASSFGGYADEQYF	0
CASSLGARDRRSF	0
CAISESMGGEQYF	0
CASSQGLSNQPQHF	0
CASSYSPGQVNGYTF	0
CASTPGRTGELFF	0
CASSHLRSDTGELFF	0
CASSPGPRTDTQYF	0
CASSSRQGGGTQYF	0
CASSLARLGYEQFF	0
CATSRNRGPYNEQFF	0
CASSSLRGYEQYF	0
CATSGNRGLSYGYTF	0
CASSKGPGEQYF	0
CASSIFVAGNNSPLHF	0
CASSLGIDAAEAFF	0
CSVVGGIYYGYTF	0
CASSLSGTGGETQYF	0
CASSYGSNQPQHF	0
CASSFWEAYEQYF	0
CASSLRSYEQYF	0
CATSRGGSSYNEQFF	0
CSVQATSYGYTF	0
CASSRGPGGVRYAFF	0
CASSPGGGAYEKLFF	0
CASSLGRGEGTQYF	0
CASRDGTDTLQETQYF	0
CASSEVSDTQYF	0
CASSQGGPTDTQYF	0
CASSVGAGEETQYF	0
CASSYGIRTELYGYTF	0
CASRIGGTGSHEQYF	0
CASSLRGGLPQHF	0
CASSPHGPGELFF	0
CASSGGTPDYEQYF	0
CASGMSTNYGYTF	0
CASSLKGAGLETEAFF	0
CASSEMSGGPDIQYF	0
CASSITSGSYNEQFF	0
CATTDGSYGYTF	0
CASSSRHHVSYNEQFF	0
CASSLTSGPYNEQFF	0
CSVDTLNTEAFF	0
CASSLLSSNYGYTF	0
CASSIFGMGRRGEQFF	0
CASSQEGGALDTEAFF	0
CASSLNSRGDGYTF	0
CASSLSGSNEQFF	0
CASSYSASNEQFF	0
CASSHGGQETQYF	0
CASSLTSGPYNEQFF	0
CASSEDPSGGTYEQYF	0
CASSLGGGGYTF	0
CASSEDARNTIYF	0
CASSLWQGNQPQHF	0
CASEDSYNSPLHF	0
CASSYRDRYTDTQYF	0
CASKSPSGTSYEQYF	0
CASSFGGVGHEQFF	0
CASSLAGDPFYEQYF	0
CASSYGGAETQYF	0
CASSPRGAGVTDTQYF	0
CASRGFAGHYEQYF	0
CASSTWTYEQYF	0
CASSQDYTIYEQYF	0
CAWDDRSSYEQYF	0
CASSVTRDGTSYGYTF	0
CAWNEGAKGYGYTF	0
CASSDDVRGRETQYF	0
CASSFLSGRLTDTQYF	0
CASRPAGGDTGELFF	0
CASSYEGANSDEQFF	0
CASSAGRQGDEQFF	0
CASRFGGGNEKLFF	0
CASSSHLGGSGGYTF	0
CASTFSGSYNEQFF	0
CASSLGTSGSVNEQYF	0
CASSVVGEGLNTEAFF	0
CASSLGLNEQFF	0
CASSLAFSLGEETQYF	0
CASFLRSSYNEQFF	0
CASSSTGPANNEQFF	0
CASSPRHGEQYF	0
CASSRTGAEQYF	0
CASSLVGPLDYNEQFF	0
CSVWGGASNQPQHF	0
CASSQTGNRQYF	0
CASSQRDGYTQYF	0
CASSQVLGSETQYF	0
CASRGGGSYEQYF	0
CSAEGLAGDNEQFF	0
CASSHLYGSEQYF	0
CASSYPDHYEQYF	0
CASSVVTTGELFF	0
CASSVGVTPHVYEQFF	0
CASSYRQYGNTIYF	0
CASSAIRGSNNSPLHF	0
CASSPPSPDTQYF	0
CASSHLSLNTEAFF	0
CASSDPPGGAAEQYF	0
CASSLDGSPYEQYF	0
CASSKSPGRRNSPLHF	0
CASTDLRSGRGDEQYF	0
CASGLSTVEQFF	0
CASSYSRVQETQYF	0
CASSRWPLSNYGYTF	0
CASSWEEASYEQYF	0
CASSLWDSGYTF	0
CASSWDVETGDYEQYF	0
CASSQARSTGGDEQFF	0
CASSLGVGVNTEAFF	0
CASSEMGTNGYTF	0
CASSHGTGELFF	0
CASSLLGGAGLQPQHF	0
CASSTGTSGRRETQYF	0
CASSGEGGGSNQPQHF	0
CASSPPTRGTGELFF	0
CASGDEMYEQYF	0
CASSDTSRVYGYTF	0
CASSEVTKDAGEQYF	0
CASSLIAGPLNYGYTF	0
CAWSVMDSYEQYF	0
CASSSHIFSNQPQHF	0
CASSITMSSWGEQFF	0
CASTPSFGGNQPQHF	0
CATKTGTTETQYF	0
CASSRFGTDITGELFF	0
CASSLGGTAAPYEQYF	0
CASSLGYGGETQYF	0
CSVEEPGHEQFF	0
CASSAPPLYGYTF	0
CASSLSPSGYEQYF	0
CASSVESPPYEQYF	0
CASSPDYNEQFF	0
CASSLRGFLNTEAFF	0
CASSLTGSPSYGYTF	0
CASSIDHTDYTEAFF	0
CASSSTGATNEKLFF	0
CASSDNILNYGYTF	0
CASSLMGDEQYF	0
CASSIHGGTYNQPQHF	0
CASSIDRNTEAFF	0
CASNYKPGNRYNEQFF	0
CASSEASQGPYNEQFF	0
CASSLSFGILHF	0
CASSSQGNEQFF	0
CASSYQGSYNEQFF	0
CASSLQAAYNEQFF	0
CASSLGTAYEQYF	0
CATSRERNSNQPQHF	0
CASSSSGSSTDTQYF	0
CASSLADRPYEQYF	0
CASSPAGGPNEQFF	0
CASSEGQGITEAFF	0
CASSPGTSGIDEQFF	0
CASSLAGKDYEQYF	0
CASSLGAFSEQYF	0
CASSQSGTHNEQFF	0
CAISESGPPADF	0
CASSGRLAGVFEQFF	0
CASGFIAGDFYNEQFF	0
CASSWDRGSGYTF	0
CASSHRTVLNTEAFF	0
CASSHSGQGTYEQYF	0
CASSLGQGAYQPQHF	0
CASSFGVEPQHF	0
CASSLPLGTSQKQYF	0
CASSLIGTEPLIGYTF	0
CASSLNGRVSYNEQFF	0
CASSRLREGDTQYF	0
CAATGAGDPSYEQYF	0
CATSGNRGLSYGYTF	0
CASSLWGTEAFF	0
CATRRELTYEQYF	0
CATSSNRGLNYGYTF	0
CASSFGGFDTGELFF	0
CANLLGGGDTDTQYF	0
CASSYSVDTGELFF	0
CASSSPEGDTQYF	0
CASSRPSAKNIQYF	0
CSVVSKGFQETQYF	0
CASSIRTSGGQTQYF	0
CASSPRTGDTQYF	0
CATSRGGPVYGYTF	0
CASSHGTGQGTEAFF	0
CASTPGTSGYNEQFF	0
CAWSVQGGLDTQYF	0
CASSDTGVSETDTQYF	0
CASSQVLGRQETQYF	0
CASSLGDIEQFF	0
CASSLAAQGWGETQYF	0
CASKEGGSEAFF	0
CATSSGQTSTDTQYF	0
CASSFTSGMTDTQYF	0
CASTVVEYSYNEQFF	0
CATSSRDSIIYGYTF	0
CASRDGSLVDGYTF	0
CASSLGGNSPLHF	0
CASRPRDPNEQFF	0
CASSPQTGFTEAFF	0
CASSPGTSGGSYEQYF	0
CASSIWTSGNNEQFF	0
CASSSTSGGYNEQFF	0
CSVEWGLASETQYF	0
CASSYGLYEQFF	0
CASSIGYMESNYGYTF	0
CASSQTGVKLFF	0
CASSWGLAGAGETQYF	0
CASSQVTPLDSPLHF	0
CASSLVEGGTAEKLFF	0
CAVPGQGADTQYF	0
CASSSDDFEQYF	0
CASSLDWTRYTDTQYF	0
CASSLSGTGYTEAFF	0
CASSEDGTGYLLAYF	0
CASSPVRPGEKLFF	0
CASSVLAGVGEQYF	0
CASSQYRGEGFEQYF	0
CARQKVPYSNTEAFF	0
CASSPTLNYGYTF	0
CATSNIILENTGELFF	0
CAISGDGADTQYF	0
CATSRGGQAYEQYF	0
CASSIDHEEGTEAFF	0
CASSLIRGMETQYF	0
CASSQTSLADNREQFF	0
CASSPELAEHRETQYF	0
CASSLWASYEQYF	0
CATTGRGQSQETQYF	0
CASSWRERAYNEQFF	0
CASSLLPGPYNEQFF	0
CASSSVRGGAGELFF	0
CASSPLLAGGFNEQFF	0
CASSLELAGAYEQYF	0
CASSLGLRQANYGYTF	0
CATSRDMGYNEQFF	0
CASSVLPGQPEAFF	0
CASSQSIVLWTQYF	0
CASNSGPGYNEQFF	0
CASSAPGQGQETQYF	0
CASSLTSGPYNEQFF	0
CASSLGVTRTDTQYF	0
CASSLGPSSYNEQFF	0
CASSFRPWNEQFF	0
CASSLGADSYEQYF	0
CASSVGLAGRADTQYF	0
CASRWGPSYEQYF	0
CASIPPGVSGTGELFF	0
CASSQDLTRNYGYTF	0
CASSLSSAGIYGYTF	0
CASSLFEGDEQFF	0
CASSQDPPHEQFF	0
CAWSLGTLDEQFF	0
CASSLYGSAGYEQYF	0
CASSFHLGMNTEAFF	0
CAWSEDGPREQYF	0
CASSLLAGVLNEQFF	0
CASSPRTGYEQFF	0
CASSLNQDTQYF	0
CASSLYSGGYNEQFF	0
CASRAEWDSNYNEQFF	0
CASSFYWAGYGYTF	0
CASSLGHFEQYF	0
CASSFTGGDTGELFF	0
CASSLADRSGGYTF	0
CASSAETATGELFF	0
CASSFTGERNIQYF	0
CASKSGVGGNEQFF	0
CASSSPLAGLADTQYF	0
CASHPTGGSETQYF	0
CSGKTGYNEQFF	0
CASSAHRGTDTQYF	0
CAWTHGTGITFLEQYF	0
CASSTARVEETQYF	0
CAWSEQLLYEQYF	0
CASSQTGVNYGYTF	0
CASSRDGVGEQYF	0
CASSLSGLATDTQYF	0
CASSVEDSGENYGYTF	0
CASSAGTEYQETQYF	0
CASSLWQGNQPQHF	0
CASTVDGYGYTF	0
CASSIVPGAAEAFF	0
CASSQHDGNQPQHF	0
CASSSGQGGQTQYF	0
CASRILAGGGGELFF	0
CASSGNRGWSGYTF	0
CASSTRQGHTGELFF	0
CASVWGTSANEQFF	0
CASRRTGVYEQYF	0
CASSLEGFYEQYF	0
CASRSYGFYTGELFF	0
CASSWGLFNEQFF	0
CASSWLAGSYEQFF	0
CASSLEATSSYEQYF	0
CASSPGNFTDTQYF	0
CASSLVGTAETQYF	0
CASSKTESYYEQYF	0
CASSVARGTGKQFF	0
CASSAAGTGVDTQYF	0
CASSPIQGAYGYTF	0
CATSRVGDIKETQYF	0
CASSLTSGPYNEQFF	0
CASSSTLLVYTDTQYF	0
CASSPQAWVGGNTIYF	0
CASSSLVPGQTQYF	0
CASSYRGPGETQYF	0
CASSPPEQQETQYF	0
CASSLTSGRHNEQFF	0
CASSRDRGTENF	0
CASSLWGGRNTGELFF	0
CAWSTPGGFWGYTF	0
CASSLLAGVDEQFF	0
CASTPRQGGKAFF	0
CASSLVGPLNEQFF	0
CASSHRQGKYNEQFF	0
CASSEHGPFTDTQYF	0
CASSSPGGPYNEQFF	0
CASSIGIGNTEAFF	0
CASSFDFRDRNNEQFF	0
CASSASGSVPEAFF	0
CASRLQDTEAFF	0
CASSQVKGTLPLHF	0
CASSYSTGYGELFF	0
CASSLQAGGRFGEQYF	0
CASSGRWTPAEQYF	0
CASSEILPGEWRTQYF	0
CASSRSLPETQYF	0
CASSPGPFETQYF	0
CSVENTLGETQYF	0
CASSPDSSYEQYF	0
CASSQGEEGNEQFF	0
CASSLIQETQYF	0
CASSRQQGSETQYF	0
CARGGAGNTDTQYF	0
CASSPLGGQGNQPQHF	0
CASTPPRSNTGELFF	0
CASSSTGTTQETQYF	0
CASSLWERQPQHF	0
CASSLSTGTYEQYF	0
CASSSLRGYEQYF	0
CASSLLRDRHTEAFF	0
CASSDDFGDSPLHF	0
CASSSFGNQPQHF	0
CASSEEGAVIYEQYF	0
CASSSAGETQYF	0
CASSQYRSPYEQYF	0
CSVGRSGPHEQFF	0
CASTPDRGLVAEAFF	0
CASSLADGTEETQYF	0
CSVERGRTYTDTQYF	0
CASSHNGNQPQHF	0
CASSIGTGGQDTQYF	0
CASSATSRSIDTQYF	0
CASSSGPAGETQYF	0
CASSLSGSPYNEQFF	0
CASSLGGGASNNEQFF	0
CASTPSGEETQYF	0
CASSAGQSLSNQPQHF	0
CASSPGLAGVPLEQYF	0
CASSLVGGSNQPQHF	0
CASSSSIRDGLGAQYF	0
CASSGYGRGDNEQFF	0
CASSVGRSSEGPQHF	0
CAISDLVHEQFF	0
CASSPGGDDPRRGQYF	0
CASRQGTTTNEKLFF	0
CASSLARLQAETQYF	0
CAWLGGEKPYEQYF	0
CASSISPNSGNTIYF	0
CASSPDSSYEQYF	0
CASSSTTGEAGETQYF	0
CASSFPGTAGNTIYF	0
CASSLGGQGIYEQYF	0
CASSLGGGQPQHF	0
CASTWTENTEAFF	0
CASSLGQGAHYGYTF	0
CASSLGQLSGANVLTF	0
CATRQGAGQPQHF	0
CAISRPRTGQDQPQHF	0
CASTNSTTGDNYGYTF	0
CASSPKGAWDTQYF	0
CASSFGGAPPEAFF	0
CASSQVPSVAKNIQYF	0
CASSLLGGSLYEQYF	0
CASSLDQNSEKLFF	0
CASSTGTSGRRETQYF	0
CASSLEAGANQPQHF	0
CASSVDGGGSPYEQYF	0
CASSMTGNGPQETQYF	0
CASSSRTGWETQYF	0
CASSADSLQQYF	0
CASSLTSGAETQYF	0
CASSQGEEGNEQFF	0
CASSSTPRLAISPLHF	0
CASSARTGVDGNTIYF	0
CASSFGVGSYEQYF	0
CASSSIAERLAETQYF	0
CASSLWVGETQYF	0
CASGWGGNTIYF	0
CASSRWSWDYEQYF	0
CASARDYPSYNEQFF	0
CASSLGRERDEQFF	0
CASSPAGGHGQFF	0
CTSSVPSGSWNEQFF	0
CAWGLAGPETQYF	0
CASTSWGLNTGELFF	0
CSVVNRGEGRNEQFF	0
CASSLAGFRIVEQYF	0
CASSIGGGYNEQFF	0
CASSLFPGAQPQHF	0
CASSLHGNTIYF	0
CASSHGPERGEKLFF	0
CASSPTAEETQYF	0
CASSFGAETQYF	0
CASSSRGWEQFF	0
CASTITGSSYNEQFF	0
CASTVDGYGYTF	0
CASSTEGDTQYF	0
CASSLEASGRADTQYF	0
CAWNGEGYGYTF	0
CASSDSGGAFDTQYF	0
CASSEWGSGGTDTQYF	0
CASSTNRDRNSPLHF	0
CASSLFPDSYEQYF	0
CASSPYRDSGKETQYF	0
CASLPPSGLQGDTQYF	0
CASSQDFEASYNEQFF	0
CASSVRTGQEAFF	0
CASSSEPRGQYNEQFF	0
CASSLTSGPYNEQFF	0
CASSYLGEETQYF	0
CASSLYPQTTDTQYF	0
CASSPSRGAYNEQFF	0
CASSLETGATQYF	0
CASSILGGRAQETQYF	0
CASSLWQGNQPQHF	0
CASVWGTSANEQFF	0
CASSFHRGYYGYTF	0
CASSSLTSGSDF	0
CASSSGGTEAFF	0
CASRGHLRSTDTQYF	0
CASSLIMGNRREAFF	0
CASSAWGTAMNTEAFF	0
CASTARLSNTIYF	0
CASSLAGTGLNTEAFF	0
CASSLQSRDRHTEAFF	0
CASSYEGANSDEQFF	0
CASSSLRGYEQYF	0
CASSYLRAQSSDEQFF	0
CASSLPGLEDEQFF	0
CASGNSAGETQYF	0
CSAPAGTSGLGYTF	0
CASSLASGRETGELFF	0
CASSDGTSRNNEQFF	0
CASSLERTSDTQYF	0
CASSWLWENSRETQYF	0
CASSVGGISYEQYF	0
CASSIQYNEQFF	0
CANSLAAYEQYF	0
CASSSDLGSTNSPLHF	0
CATSPDRRGSYNEQFF	0
CASSQATGGYTEAFF	0
CASKEPGPHNEQFF	0
CASSLATRSETQYF	0
CASSPDRLSTGELFF	0
CASSLGRGREPQHF	0
CAWSVLGDTQYF	0
CASLLQGYNEQFF	0
CASSYEGANSDEQFF	0
CASTGSGCNEQFF	0
CASSPDSSYEQYF	0
CASSLWQGNQPQHF	0
CASSLMTSGDNEQFF	0
CASSLPGQGPYEQYF	0
CASSHLVGASLTEAFF	0
CASSPPGTNEQFF	0
CASSPARGTEAFF	0
CASTPDRLYNSPLHF	0
CASSTIMAAQETQYF	0
CASSLWQGNQPQHF	0
CAWSVMGQGLNEQFF	0
CASSLGQGSGETQYF	0
CASTGTSMGDEQFF	0
CASSSRGGEETQYF	0
CASSPGQVRVETQYF	0
CASSLWGVNSYNEQFF	0
CAISDGSSYNEQFF	0
CATGGPTMEQFF	0
CASSLITRPFDEQFF	0
CASSLVVAGANVLTF	0
CASSYSREELNEQFF	0
CASSESRSEDVNEQFF	0
CASSFWGVETQYF	0
CASSSAKDGHTIYF	0
CASSYLGGATDTQYF	0
CASRLGTRGFSEQFF	0
CASSLGGAYNEQFF	0
CASYRGGNEQFF	0
CASSLFSGGFTDTQYF	0
CASSSLRGYEQYF	0
CAGGGGPGGLFF	0
CASSPTGGGETQYF	0
CAGGGGHGELFF	0
CASSLASGRETGELFF	0
CASSAEPGPSTDTQYF	0
CASSPDRLSTGELFF	0
CAGGGGRGGLFF	0
CASSYLGGATDTQYF	0
CASSLDSQETQYF	0
CASSLMAGGTDTQYF	0
CASSLTSGSLNEQYF	0
CASSIAGLAYEQYF	0
CASSQGSSGGGDTQYF	0
CASSYYGGVGETQYF	0
CASSLEASGRAKTQYF	0
CASSTNRDRNSPLHF	0
CASSQSGPLETQYF	0
CASSPPSGSPTDTQYF	0
CSVEDQSGRGGETQYF	0
CASSPVGSTDTQYF	0
CASSLFRTSSYNEQFF	0
CASSLTSGTSTDTQYF	0
CASSVYGSSNQPQHF	0
CASSLQREYQQYF	0
CASLLAGEENIQYF	0
CASSQVGPPKPEKLFF	0
CASSLESSYNEQFF	0
CASSLSFGILHF	0
CASSFSTHGEQYF	0
CASSQAVRAGGNTIYF	0
CASSQQLSGGTDTQYF	0
CAWSWEASTDTQYF	0
CASSQDTGYEQYF	0
CASSLATANSPLHF	0
CASSIDLGDYEQYF	0
CASSDYTGWNSPLHF	0
CASNSQGLELAGELFF	0
CASSRRGGAPRETQYF	0
CSVLQGLGAGNTIYF	0
CASSLSIPVYNEQFF	0
CASSPDRLSTGELFF	0
CASSPRGKTDTQYF	0
CASSFTGNTIYF	0
CASSAEREGWEQYF	0
CASSLRPTDTQYF	0
CASSLQSSGNTIYF	0
CASSVGTSGRERQFF	0
CASSRDREVHTQYF	0
CASSQRLAGVQETQYF	0
CASSFSSVETQYF	0
CASSFISDTQYF	0
CASSFWARYTGELFF	0
CASSVLAGGSGDTQYF	0
CASSKSEDSLETQYF	0
CASSATSYEQYF	0
CASSTGTSGRRETQYF	0
CASSDPREYQETQYF	0
CASSSLRGYEQYF	0
CASRFGGGNEKLFF	0
CASSFISDTQYF	0
CSVDTLNTEAFF	0
CASSSRSWETQYF	0
CASSIGTNTDTQYF	0
CASSPQGIWSEKLFF	0
CASSLGIGEETQYF	0
CASSLWQGNQPQHF	0
CASSLGSGGVKNEQFF	0
CASSPGTGGNEQYF	0
CASSIWTNTDTQYF	0
CASSKSPGRRNSPLHF	0
CASSLVDGGRETQYF	0
CASSLLGAGGLYEQYF	0
CASSLDQREIDIQYF	0
CASGSTTDLNSPLHF	0
CASSLWQGNQPQHF	0
CASLDRGHTEAFF	0
CASSTGTLPYEQYF	0
CASSPASGVDDEQFF	0
CASSSGPGVTQYF	0
CATSVDRNNSPLHF	0
CASGNSAGETQYF	0
CASSPNRDTQYF	0
CASSVRTSGETQYF	0
CASTLQGDTGELFF	0
CASSLRGAPNTEAFF	0
CASSRLRAGARNEQFF	0
CASSVYSESNQPQHF	0
CASREGYNSPLHF	0
CAWTQSSGNTIYF	0
CATSDRLGSPLHF	0
CASSSLRGYEQYF	0
CASSLGQNNSPLHF	0
CASGLLAGGPSLEQFF	0
CASSSLRGYEQYF	0
CASSQGEEGKEQFF	0
CASRAKIGQYYEQYF	0
CASSTDRLSNTGELFF	0
CASSFSPRSSTDTQYF	0
CASSLGGGNNEQFF	0
CASSLWTADSGNTIYF	0
CAISLWQGNQPQHF	0
CAWSVREGGYTF	0
CASSTDRLSNTGELFF	0
CASSLWQGNQPQHF	0
CASSSLRGYEQFF	0
CASSSLRGYEQYF	0
CASSQVGGQETQYF	0
CASSLAGDSYEQYF	0
CASSLLWSTYEQYF	0
CASSPGGDDPRRGQYF	0
CASSLLGSGNTEAFF	0
CASSPRTGGNYGYTF	0
CASSSKNQETQYF	0
CASSIVAGSNQPQHF	0
CASSSLRGYEQYF	0
CASSLVQGDTGELFF	0
CASSFSTHGEQYF	0
CASSQDSLVGSYEQYF	0
CASSLAGTGLNTEAFF	0
CASSLLGGRDTEAFF	0
CASSTGTSGRRETQYF	0
CASSQGEEGNEQFF	0
CASSSLRGYEQYF	0
CASSSLRGYEQYF	0
CASSLGRDYYTDTQYF	0
CASASGTYEQYF	0
CAWSVGVQETQYF	0
CASLPKTGDNQPQHF	0
CASSLVGSIIGYTF	0
CASSQTGIDDQPQHF	0
CASSLKSAGLVNEQFF	0
CASGNSAGETQYF	0
CASSPDGATNEKLFF	0
CASSTGTSGRRETQYF	0
CASSSLGDTQYF	0
CASSSKGYTEAFF	0
CANALSVAVGNNEQFF	0
CASSSGTEETQYF	0
CASSLGGGNNEQFF	0
CASSSGLSYEQYF	0
CASSLGVNQPQHF	0
CASSQGEEGNEQFF	0
CASSPVRPGEKLFF	0
CASSYSPGQVNGYTF	0
CASSEALQWGRETQYF	0
CASSTGTSGRRETQYF	0
CASSLSFGIFPF	0
CASSQDPPVAYEQYF	0
CASGNSAGETQYF	0
CASSYAGTYQETQYF	0
CASSFSTHGEQYF	0
CASSLVQGDTGELFF	0
CASSLADSPVWDEQFF	0
CSVEEGEGSGHYEQYF	0
CASSQVGTGNTEAFF	0
CASRAGQKSYEQYF	0
CASSRGSGELFF	0
CASSFSTHGEQYF	0
CASSLWQGNQPQHF	0
CASSLVGSIIGYTF	0
CASSLHGGSNEQFF	0
CASSSLRGYEQYF	0
CASSSLRGYEQYF	0
CASSFSSTNYGYTF	0
CASSLDKTGPDTQYF	0
CASSLIGGEQETQYF	0
CASSLGGGNNEQFF	0
CASSQGEEGNEQFF	0
CASSLSQGYYNEQFF	0
CASSSLRGYEQYF	0
CASSSLRGYEQYF	0
CASSQGEEGNEQFF	0
CASSRAGTSGTDTQYF	0
CASSVGHNSGNTIYF	0
CASSLSFGILHF	0
CASSTGTSGRRETQYF	0
CASSLAPAYEQYF	0
CASSTGGAVTQYF	0
CASSSKGYTEAFF	0
CASSPGKGSGNTIYF	0
CASSLVDGGRETQYF	0
CASSRAGTHNEQFF	0
CASSLALQDNSPLHF	0
CASSLGVNQPQHF	0
CATYKGHLYGYTF	0
CASSTNRDRNSPLHF	0
CASSLETGGVNEQFF	0
CASSSLRGYEQYF	0
CASSYEGANSDEQFF	0
CASSLATGSNQPQHF	0
CASSPRGKTDTQYF	0
CASSQIGPMADTQYF	0
CASSSHRQGKIEAFF	0
CASSFGEYSPLHF	0
CASSPGGYSPLHF	0
CASSLWQGNQPQHF	0
CASSPDRLSTGELFF	0
CASSITSGPYNEQFF	0
CASSIGTRSSYEQYF	0
CASLPKTGDNQPQHF	0
CASSWTSGPYNEQFF	0
CAISGADSPLHF	0
CASSPTGGYQETQYF	0
CASRIGGTGSHEQYF	0
CASSFPSGANTGELFF	0
CASSTDRLSNTGELFF	0
CASSPRGKTDTQYF	0
CASTPEASGIDEQFF	0
CASSFLVLNNEQFF	0
CASSSQGNYGYTF	0
CASSFPSDTEAFF	0
CASSQESWQLNTEAFF	0
CASSATTSGSHYEQYF	0
CASSQELHPYEQYF	0
CASTKRSGVPYEQYF	0
CAWKGPYTANEQFF	0
CASRESGTGGNQPQHF	0
CASSLSGTQPQHF	0
CASSPVRHTENTEAFF	0
CASSLSGTQPQHF	0
CASSLAGTTLYEQYF	0
CASSLASQPEQFF	0
CASRQGAQGYAEAFF	0
CASSDTGTEGPHTF	0
CASSLEYAATQYF	0
CASSLRGSYNEQFF	0
CASSLAGGRDYGYTF	0
CASSTTGVEQYF	0
CASGATSGRLNEQFF	0
CAWSSFPGGWETQYF	0
CASSWGLNTEAFF	0
CATKLAGGNNEQFF	0
CASSLVSRGAVF	0
CASSVGFKNTEAFF	0
CAWSVPGISTDTQYF	0
CASREFNSPLHF	0
CASSVAAYNEQFF	0
CASSLQGINSPLHF	0
CASSYGTSGSYEQYF	0
CASSVGAGGVYEQYF	0
CASSFAGGRETQYF	0
CASSLVGGTYEQYF	0
CASSLSFGILHF	0
CASSLDQNSEKLFF	0
CASSSLRGYDQYF	0
CASSHLYGSEQYF	0
CASSQGEEGNEQFF	0
CASSQHDGNQPQHF	0
CASSFGPELAGNEQFF	0
CASSFHLGMNTEAFF	0
CASTVDGYGYTF	0
CASSFHLGMNTEAFF	0
CASSLETGGVNEQFF	0
CASSLGGGNTGELFF	0
CASSKGPGEQYF	0
CASSQDFPAYDTEAFF	0
CASSSLRGYEQYF	0
CASSQAAGEAFF	0
CASSSGQGGDEQFF	0
CASSLEGFYEQYF	0
CASSVGRSSEGPQHF	0
CASSYAGTYQETQYF	0
CASSQATGGYTEAFF	0
CASSLWQGNQPQHF	0
CASSPRGTGGDTQYF	0
CASSLGGGQPQHF	0
CASSEDPSGGTYEQYF	0
CAWSVVRGPSEKLFF	0
CASSLALQDNSPLHF	0
CAWSVPGGAPPGELFF	0
CASSSQGNYGYTF	0
CASSQSLTGNTEAFF	0
CASSRWPLSNYGYTF	0
CASSSIGQGQETQYF	0
CASSPGGTGGLFF	0
CASSLAGDSYEQYF	0
CASSRWPLSNYGYTF	0
CASGNSAGETQYF	0
CASSYTGESGANVLTF	0
CASSLNSRGDGYTF	0
CASSYGYIEAFF	0
CASSYTGESGANVLFF	0
CASSQDYTIYEQYF	0
CASSYSRVYEQYF	0
CASGNSAGETQYF	0
CASSQGEEGNEQFF	0
CASANSGQETQYF	0
CASANSGQETQYF	0
CASSTDRLSNTGELFF	0
CASTVDGYGYTF	0
CATSGNRGLSYGYTF	0
CASSTGTSGRRETQYF	0
CASSFGGAPPEAFF	0
CASSFPGVEQYF	0
CASSPAPKGGQYF	0
CASSLGVNQPQHF	0
CASSFGEYSPLHF	0
CASGLLAGGPSFEKFF	0
CASSKTAFNSPLHF	0
CASRIGGTGGHEQYF	0
CASSLWQGNQPQHF	0
CASSYNSPGGELFF	0
CASRTQGSLVSPLHF	0
CASSFGVGSYEQYF	0
CASSLGGNSPLHF	0
CASSSHLGGSGGYTF	0
CACEDRQVAKNIQYF	0
CASSQDSEETQYF	0
CASSSHLGGSGGYTF	0
CASTNSTTGDNYGYTF	0
CAWKGPYTANEQFF	0
CASSSLRGYEQYF	0
CASSLSGTGYTEAFF	0
CASSFSSTNHGYTF	0
CASSFGVEPQHF	0
CASGLLAGGPSLEQFF	0
CAATGAGDPSYEQYF	0
CASSSHLGGSGGYTF	0
CASSLWTGGGELFF	0
CASSLMGDEQYF	0
CASSYGAGFANEQFF	0
CASSVGRSSEGPQHF	0
CASSLRGGLPQHF	0
CASSVEGGLGSPLHF	0
CASSDNRGGGTEAFF	0
CASSLGTGLAVYEQYF	0
CASRGFAGHYEQYF	0
CASSGNRGWSGYTF	0
CASALGGVSYEQYF	0
CASSQGEEGNEQFF	0
CASSLGVNQPRHF	0
CASSQGEEGNEQFF	0
CASSLGGGNNEQFF	0
CASSPGTSGGSYEQYF	0
CASSDYTGWNSPLHF	0
CASSPKTGDNQPQHF	0
CASSPVGSTDTKYF	0
CASGLAGDSYEQYF	0
CASSLGPITGELFF	0
CASSPPGDEQFF	0
CASSLASGRETGELFF	0
CASSYEGANSDEQFF	0
CASSPFFTGVTEAFF	0
CASSLTSGGTYEQYF	0
CASSLGVNQPQHF	0
CATRDRGGYEQYF	0
CASSFSYPNNEQFF	0
CASSFRQEETQYF	0
CASSPLEDSSYEQYF	0
CASSVESPPYEQYF	0
CASSLRGGLPQHF	0
CASSLTSGSLNEQYF	0
CASSEMSGGPDIQYF	0
CASSLAGDPFYEQYF	0
CASGKTGGITQPQHF	0
CASSYSRVYEQYF	0
CASSFLEDYEQYF	0
CASSEGFSYEQYF	0
CASTSTDGYTEAFF	0
CASSGTGYGDEQYF	0
CASSFGPTEETQYF	0
CASSFSSTNYGYTF	0
CASSLGGNSPLPF	0
CASSSLRGYEQYF	0
CASSFWEAYEQYF	0
CASSPLSWGSGNTIYF	0
CASRVGGGWLDEQYF	0
CASSPGKGSGNTIYF	0
CASSLWQGNQPQHF	0
CASLRGNTGELLF	0
CASSEALQWGRETQYF	0
CASSDDAGMNTGELFF	0
CASSSLRGYEQYF	0
CASSVEAAWGDTQYF	0
CASSAHGGTDTQYF	0
CASSKRGYGYTF	0
CASSRSGPLRETQYF	0
