CDR3	Value
CASSQESGTATYEQYF	1
CASSLQGANYGYTF	1
CASSQETGLSYEQYF	1
CASSLGGQGAGETQYF	1
CASSYLGNTEAFF	1
CASSYEQGSYYGYTF	1
CASSLTRNTEAFF	1
CASTLADMNTEAFF	1
CASSPSWGRYEQYF	1
CASSLKGARADEKLFF	1
CASSLRLNTEAFF	1
CASSQGQWDREQYF	1
CASSSPGPGLNNEQFF	1
CASSLKRTGGTEAFF	1
CASSLPAETDTDTQYF	1
CASSRTGASPLHF	1
CASSEDLLGTEAFF	1
CASSKGNTGELFF	1
CASSPGGDQPQHF	1
CASSAGGSLVFEKLFF	1
CASRNQGVRETQYF	1
CASSATSGSWNEQFF	1
CASSFKGAATEAFF	1
CASSISGFYEQYF	1
CASSYGGSKTQYF	1
CASSQDWTASGYTF	1
CASSQGARNEQFF	1
CASSKRGQGTFEKLFF	1
CASSDRTDNQPQHF	1
CASSLPGTGDKYEQYF	1
CASSFGWVTEKLFF	1
CASSLELGGANTIYF	1
CASSLGGYNEQFF	1
CASGLNRTPTYEQYF	1
CASNRDGAGVNTEAFF	1
CSVVGGADTSYNEQFF	1
CASSYGVGTEAFF	1
CASSFSGMANTGELFF	1
CASSPLGSGGAEAFF	1
CASSLGGRTYEQYF	1
CASSYSSGEQYF	1
CASSLRETGNTEAFF	1
CASSQDMGSYNEQFF	1
CASSVGQGTDEQYF	1
CAITSAGNTEAFF	1
CASSQETGIYEQYF	1
CASSPVPAGEQYF	1
CATTRGSNQPQHF	1
CASSYELGLEAFF	1
CASSPRGTGALYEQYF	1
CASSLGTDTTNEKLFF	1
CASSQNRRAGGDGYTF	1
CASSLVGRGREQYF	1
CASSLSTSNEQFF	1
CASGGTVYEQYF	1
CASSQEAGVGELFF	1
CSPDRDGVEKLFF	1
CASSLSSHTEAFF	1
CSVKSGYTEAFF	1
CASSLSGTSYEQYF	1
CAISPGHTYEQYF	1
CASSQDGNGELFF	1
CASSEGSGGAVHEQYF	1
CASSYRGGGHEKLFF	1
CASMGTSVYEQYF	1
CASSLETGSYEQYF	1
CASSISRVGEQFF	1
CASSFVGVLDEQYF	1
CASGGTGTGTEQFF	1
CASSLAWRFHGELFF	1
CASTWQGSWEQYF	1
CASSKNTYEQYF	1
CASNPTSGALNEQFF	1
CASSRQATGNTIYF	1
CASSLMGLAGGEQYF	1
CASSLPGLGSYEQYF	1
CASSLTHPTYNEQFF	1
CASSYSEGWANVLTF	1
CASSLGDRVEFF	1
CASSPNPGVSYEQYF	1
CASSLALAGVGELFF	1
CASTDETGVRHGYTF	1
CASSFDSYEQYF	1
CASSLTSGQGSEAFF	1
CASSQVGIATNEKLFF	1
CASSGVRGSSYNEQFF	1
CASRAQGVSNQPQHF	1
CASSLKLGRSYNEQFF	1
CASSSNKPGQGHEQYF	1
CASSSGPGRDQYF	1
CASSAGFSYEQYF	1
CASSYRLAGDNEQFF	1
CASSFPWGARTYEQYF	1
CASSGSTSGPVEQYF	1
CASSLAAGKNTEAFF	1
CATSKDGAYEQYF	1
CASSFGGGSTNTEAFF	1
CASNLLAGGQGEQFF	1
CASSPLQGITDTQYF	1
CASSFSGGLYEQYF	1
CASSGALTNYGYTF	1
CASSLLEAGYTF	1
CASGLAGNEQFF	1
CASSQVSGRLDTQYF	1
CASSRQGSNQPQHF	1
CASSLDEWTGELFF	1
CASSRISGTSVETQYF	1
CASKASGQETQYF	1
CASSPPTSGSSYEQYF	1
CASSVRTSGSKNEQFF	1
CASSHGVGRGFF	1
CASSEARGQAYGYTF	1
CASSYNGPAGEQYF	1
CASSGRGLIEAFF	1
CASSTRDRVYEQYF	1
CASSQDRTASYEQYF	1
CASSLNLDNEQFF	1
CASRRPGETRDEQYF	1
CASSDGLAVISYEQYF	1
CASEGENSYEQYF	1
CASSFTRTDTQYF	1
CASSRESTGAAREQYF	1
CASSLLGGPQHF	1
CASSRTGTVSYEQYF	1
CASSLTGGTGELFF	1
CASSLLTGNTEAFF	1
CASSVDSYTGELFF	1
CASSLGQGTDTQYF	1
CASSFGMEFREQFF	1
CASSAIDRALKFF	1
CASSRFEGRNYGYTF	1
CASSGGTGVQKLFF	1
CASSQDLSGFNQPQHF	1
CASTVSRGEKLFF	1
CASSPNDRGGSDTQYF	1
CASSLYFGNQPQHF	1
CASTPTGALGEAFF	1
CASSQVWSGNTIYF	1
CAISVEDSPYNEQFF	1
CASSQAAGILGGYTF	1
CASSLREGRETQYF	1
CASSSTGVGPEAFF	1
CASSSGVNTEAFF	1
CAISESATDTQYF	1
CASRTTWSGANVLTF	1
CASSLGGSTNEKLFF	1
CASMGSGNTIYF	1
CASSKVTGQGKTEAFF	1
CASSLGSERSNEQFF	1
CASSPPIGNTIYF	1
CAWSVLTSGANVLTF	1
CASSRVGLAVGELFF	1
CASSLGGVGQPQHF	1
CASMEGVGTYEQYF	1
CASSAQQGSYNEQFF	1
CAWSASQYQRHYGYTF	1
CAIRKTGEGSYEQYF	1
CASSWTPSQAFF	1
CASSWRTGLEQYF	1
CASSLNPTGGYTF	1
CASSDPGQQETQYF	1
CASSSGISYNEQFF	1
CASSPNSYEQYF	1
CASTPGTGDSDTQYF	1
CASRGLDTGELFF	1
CASSLRGGTEAFF	1
CASSSGLALRHEQFF	1
CASSLGTGAYEQYF	1
CASRPLDLTNEKLFF	1
CASTPLAANTGELFF	1
CASSSGLASGQQFF	1
CASGRSYNEQFF	1
CASSPPTESYGYTF	1
CASSQETGGGYEQYF	1
CASSPGTGYTEAFF	1
CASSYSRGHGREQYF	1
CASSRGINEKLFF	1
CASSPPTGREQYF	1
CASSLLGPDEQYF	1
CASSQVDRESEAFF	1
CASSLMGQGATEAFF	1
CASSGTSGSHDTQYF	1
CASRPEAGELFF	1
CASITAGLYEQYF	1
CASSYSLAGSEQYF	1
CSVLTSGGTDTQYF	1
CASHPRDRSTDTQYF	1
CASSQGTASTGELFF	1
CASSYNGPPSTDTQYF	1
CASSWGQTNEQFF	1
CASSPRRNTEAFF	1
CASSPQGTSGSYEQYF	1
CASSLAGGEGEKLFF	1
CASVRGGLDEKLFF	1
CASSSHAGEGYEQYF	1
CASSSSRGSSTDTQYF	1
CASSTTSGSWYEQYF	1
CASSTPGGASYEQYF	1
CASSRDGQYGYTF	1
CASSELRGIGEQYF	1
CASSQASNEQYF	1
CASSSMGSPTYEQYF	1
CASSFGGLSETQYF	1
CASSRGGAGNYGYTF	1
CASSLLAGGPYEQYF	1
CASSDRTSGSKNEQFF	1
CATSRVKDTQYF	1
CAIRRTSGNLGDEQFF	1
CASSVYRLPYNEQFF	1
CASSRRAPNSYNEQFF	1
CASSLDALINEQFF	1
CASSLGTSSTDTQYF	1
CASSLQGPDTQYF	1
CASSEGGLEETQYF	1
CASSPRTSHPYEQYF	1
CASKGDYQETQYF	1
CASSDSSGSYNEQFF	1
CASSGRDMPETQYF	1
CASSPPTESYGYTF	1
CASSLKQGGNEQFF	1
CSVSQGLSNTEAFF	1
CASSQGAQRPNTEAFF	1
CASSDDSNEQFF	1
CASRFTESTDTQYF	1
CASSLWDTGVWWGYTF	1
CASVGLSYEQYF	1
CAGRDGANEKLFF	1
CASSGYRGNTEAFF	1
CASSLVMNTGELFF	1
CASSESAGNTDTQYF	1
CASSLDFVSTGELFF	1
CASSGLQGNYGYTF	1
CASSWRAITGELFF	1
CASSFGDRSTEAFF	1
CASSPGQSLNYEQYF	1
CASRAGGANTGELFF	1
CASSLAGFHNEQFF	1
CASSLSRVGNQPQHF	1
CASSSRGGSEAFF	1
CASSDSGHSNQPQHF	1
CASRWTGDYGYTF	1
CASSSPKGSNNEQFF	1
CAIEGGEDQPQHF	1
CAISPARSLLNTEAFF	1
CASSSRLAGNTGELFF	1
CASSLRQGAYNEQFF	1
CASGGRAYEQYF	1
CASSSEGGVDTQYF	1
CASSSIYGQGKETQYF	1
CASSLGRFNEKLFF	1
CASRSGLRNQPQHF	1
CAGGGPGANVLTF	1
CASSLDTYGYTF	1
CASSFSSGGRRELFF	1
CASSSYRLAGGGTQYF	1
CASSLKSYEQYF	1
CASSLNGGIEQFF	1
CASSYDSAGSTYEQYF	1
CASSASRGEQFF	1
CASSLRAGDYNEQFF	1
CAWSVESSQPQHF	1
CASTDLGSYNEQFF	1
CASSTGEWYNEQFF	1
CASSLHSGGFSEAFF	1
CASSQDRAGVSEQYF	1
CASSLDPTPSYEQYF	1
CASSEGTGGDTQYF	1
CASSAKRTNSYEQYF	1
CASSLRSGRNNEQFF	1
CASSLHGGTDNEQFF	1
CASSLGGSWEAFF	1
CASSGDGAYEQYF	1
CASSLGGYYEQYF	1
CASSFPSGGHYEQYF	1
CSVERGTGGHTEAFF	1
CASSSGTGGNEKLFF	1
CASSKGEHRGNQPQHF	1
CAIAGRGYGYTF	1
CASSYDPGVGEQYF	1
CASTPGPGDTEAFF	1
CASGTGQHRGYTF	1
CASTLGPPYLYGYTF	1
CASSASGRALGEQFF	1
CASSQETGSYEQYF	1
CASSLVQAITDTQYF	1
CASTPGTGYSPLHF	1
CAMSRDYGEQYF	1
CASSLGQPSTDTQYF	1
CASTPMGPYAEQFF	1
CATSPRDIVDEKLFF	1
CASFGGPTYEQYF	1
CASSPYRDSNQPQHF	1
CASSQDTGYEQYF	1
CASSPSQGAFIQYF	1
CASSQDRSSGANVLTF	1
CASSLAITRDIQYF	1
CASSFRLAASYEQYF	1
CASSALRGANTIYF	1
CASSVKTGGSYNEQFF	1
CASKIGTETEQYF	1
CASSLSSYNEQFF	1
CASSYADQYTDTQYF	1
CASREGTGNTEAFF	1
CASSKGIRGPGNTIYF	1
CASSRHGDETYEQYF	1
CSSSLGDRVEFF	1
CASSLYRGDYEQYF	1
CASSDRNYGYTF	1
CASSQGGRGQYF	1
CASSESVHQPQHF	1
CASSWTGQETQYF	1
CASSGLAGQVETQYF	1
CAIKDTPTDTQYF	1
CASSFSSTDTQYF	1
CASSRLAGDNEQFF	1
CASSILAGYTDTQYF	1
CASSLSPAGVREQYF	1
CASSQDLLGSYNEQFF	1
CASSPSGYTDTQYF	1
CASSRDGSYEQYF	1
CASSSQNRGEAFF	1
CASSLDLRTVTGELFF	1
CASSPDRGWGDEQFF	1
CASSLNGGGETQYF	1
CASSPKAGDPNIQYF	1
CASSLDQTLTYEQYF	1
CASRETGRYEQYF	1
CASSQDGDENTEAFF	1
CASSYTITGTEAFF	1
CASSTSGPYEQYF	1
CASSLIGTNTGELFF	1
CAKSGRADYNEQFF	1
CASSLAGTSSYNEQFF	1
CASSDSSGSTDTQYF	1
CASEGAADTGELFF	1
CASSPVGQNYGYTF	1
CASSLVGQSQYF	1
CASCVAGHNEQFF	1
CASSESSSGRGRAHF	1
CASSRQGASYGYTF	1
CASSPDRGRFNEQFF	1
CASSPGQGYQPQHF	1
CASIQTAPGGEDEAFF	1
CASSPSWDTGELFF	1
CASSPRTGALNTEAFF	1
CASSSGLAGYEQYF	1
CASAQGAVSYTF	1
CASSPDSVNTEAFF	1
CASSVSSSYNEQFF	1
CASSELAGGPYTQYF	1
CASSFGTGPNEKLFF	1
CASSLTGAGYGYTF	1
CASSQAGQGVETQYF	1
CASSRDYSNQPQHF	1
CASSNPQGGTAYEQYF	1
CASSKGAGGTDTQYF	1
CASSQEGYEQYF	1
CASSQARSAGELFF	1
CASSFQRGWRDTQYF	1
CASSLDLRAYEQFF	1
CASGAGSAYEQYF	1
CASSTAEGNGWNEQFF	1
CASSLTSYDEKLFF	1
CASSTGRPNTEAFF	1
CATSSRTSSGNTIYF	1
CASSSATSGANEQFF	1
CASTPGWLNTEAFF	1
CASSQINGPRYEQYF	1
CASSLEGRYEQYF	1
CASSLNWGLNYEQYF	1
CASSLLAGDYNEQFF	1
CASMGTSGGLYNEQFF	1
CASSQESGGAAQYF	1
CASSFSDAGYEKLFF	1
CSGETGNYGYTF	1
CASRVGMNTEAFF	1
CASSQGLAGSYEQYF	1
CASSPTGTGVQPQHF	1
CASRGTSGKSSYEQYF	1
CASSRSGVLNEKLFF	1
CASSSDSYEQYF	1
CASSSAYGDYEQYF	1
CASSERDGKSNYGYTF	1
CASSQASGRIDTQYF	1
CASSKGMNTEAFF	1
CASSLDTGRALNEQFF	1
CAIMGSGRASYEQYF	1
CASSLEGGNEKLFF	1
CASSPGWRNEQFF	1
CASSQVRGYEQFF	1
CASSSYNQPQHF	1
CAWMGRAYEQYF	1
CASMGQIDTQYF	1
CASSYNRGGSTGELFF	1
CASSQGRGFQETQYF	1
CASSLQGANYGYTF	1
CASSSARSGRATQYF	1
CSSSLLEAGYTF	1
CASSSTPDGRYGYTF	1
CASSPVGSSGNTIYF	1
CASSYMRTKNIQYF	1
CASSYGLGDTQYF	1
CASSRPGRLTDTQYF	1
CASSPWDSSGNTIYF	1
CASSLQGANYEQYF	1
CASKTLAGWANEQFF	1
CAISEGGNNQPQHF	1
CASSLSRGNTEAFF	1
CASSYNWGEKLFF	1
CASSSGTGFPGELFF	1
CASSQYTGYEQYF	1
CASSVSPDNEQFF	1
CASSQETPSTDTQYF	1
CATSRNDLNVDEQYF	1
CASSKGSSYNEQFF	1
CASSLVAGTGELFF	1
CASSLIYRGNTEAFF	1
CATSRYRGVYEQYF	1
CASSLGTGNQPQHF	1
CASSPTRGTVYNEQFF	1
CASSNSGGGEQYF	1
CASSLTDSYEQYF	1
CATRKIGANTGELFF	1
CASSPGQPTDTQYF	1
CASSLAAGGVTDTQYF	1
CASSLDRNYGYTF	1
CASSVGQGAYEQYF	1
CASSYSRTGSYGYTF	1
CASSPGGGEQYF	1
CASSFPGREQYF	1
CSSSPNSYEQYF	1
CASSLITGNTEAFF	1
CASSRTAGVDEQFF	1
CATAQGVPLTQYF	1
CASSFLATDVFF	1
CASSFSNTQLLTQYF	1
CASSRGGPDEQYF	1
CASTQSTDTQYF	1
CASSLLTATGELFF	1
CASSPKTSGNTDTQYF	1
CASRRTGSEQYF	1
CASSQFPGTQEAFF	1
CASSFTLAGYQETQYF	1
CASSVDGTGDYGYTF	1
CASKGTSGSPSYEQYF	1
CASSFSGTGVGNTIYF	1
CASSESRGLNTGELFF	1
CASSYSHPGPEGPQHF	1
CASSDSAGGYNEQFF	1
CASSPPGLANSEQYF	1
CASSSQGRPTYEQYF	1
CASSFRTSGSTQYF	1
CASSLDGSDTDTQYF	1
CASSPPRDRGIGELFF	1
CASSLVLAANTGELFF	1
CASSLAMGLNNEQFF	1
CASSLVSVQETQYF	1
CASREEGYNTGELFF	1
CASSPDRDGYTF	1
CASTPFDSNQPQHF	1
CASKRTAATNEKLFF	1
CAWSRQIYGYTF	1
CASSLARQETQYF	1
CASSIGNSGNHEQYF	1
CSSGRSYNEQFF	1
CASSFFGSIGELFF	1
CASSPGLAGNSGEQYF	1
CASSLASSPEQFF	1
CASSQGQGVPGELFF	1
CASGRANYGYTF	1
CASSPMGSGTTGELFF	1
CASSLSTSASSYEQYF	1
CASLPGPSPYEQYF	1
CASRPGQGNTEAFF	1
CASSVASGTGELFF	1
CASSSSPRAETQYF	1
CASSSVWSYEQYF	1
CASSQETGKNYNEQFF	1
CATSLIIRGHEQFF	1
CSVSVTRGGTEAFF	1
CASRRGYTEAFF	1
CASSLTHPPYNEQFF	1
CASSPPRGAFYGYTF	1
CASSSIGGGRETQYF	1
CASSLARGRNTGELFF	1
CASSVGQAFNYGYTF	1
CASSITPGTETQYF	1
CASSPDPARGYTF	1
CASSLRGGIVNTEAFF	1
CASSVEEGNYGYTF	1
CASSFFQGAVDEQFF	1
CASSLGDIRYGYTF	1
CASSLRQTENIQYF	1
CASSVTGGAYEQYF	1
CASSRTTWTGSYEQYF	1
CASSPPGTGGMGEQFF	1
CASSRTGITDTQYF	1
CAISESPTATGNTIYF	1
CASGWDSNTGELFF	1
CASSPSGGSSYEQYF	1
CASSGTENSYEQYF	1
CSVVSGARETQYF	1
CASSFPGALIKQFF	1
CASSGSTSGPGEQYF	1
CASSRGQGSYEQYF	1
CASSLSGRREAFF	1
CASSSRLGDTQYF	1
CASSYLGDANYGYTF	1
CASSQLAGGSYNEQFF	1
CASSPRTGGVDGYTF	1
CASSSSRYEQYF	1
CASSLPGVETQYF	1
CASSGRGLSEAFF	1
CASSQDLESYEQYF	1
CASSDSGADTQYF	1
CASSLQGRAVAYEQYF	1
CASIKGNGRDNEQFF	1
CASSQGTGITGELFF	1
CASSLVTGESVF	1
CASSDSAGGYNEQFF	1
CASSPPNTGELFF	1
CASSTAGASYNEQFF	1
CASSISGRFYEQYF	1
CASSPTGQGGNTEAFF	1
CASSSGGRPREEQFF	1
CASSTFRDRVSGELFF	1
CASSLAWNTEAFF	1
CSVNPGRVTDTQYF	1
CASSQGTGGAGDEQFF	1
CASSEAIRGGSETQYF	1
CASSLSTTGYEQYF	1
CASREGTGNTEAFF	1
CASKDRDNLYEQYF	1
CASSPHPSRPEGYTF	1
CASGTKASTDTQYF	1
CASSLLAGSTDTQYF	1
CASSLLGDQPQHF	1
CASSLASGRGRYF	1
CASSLQGGYRTGEQYF	1
CASSLFFRQYTDTQYF	1
CASSPGPAGSYNEQFF	1
CASSKNQATNEKLFF	1
CASSAYDYGYTF	1
CASSSGQGAYEKLFF	1
CASSQLGAGVRDTQYF	1
CASSLTGGLKTQYF	1
CASSLGANSYGYTF	1
CASRYDSNLAKNIQYF	1
CASSRGGEVNEQFF	1
CASSSLAGGENEQFF	1
CASSLALAGGPQYF	1
CASSLGSGEQYF	1
CASSVDPRKYNEQFF	1
CASSYGQFTLYGYTF	1
CSSSQGGRGQYF	1
CASSVRGGSPDTQYF	1
CASSLKGVLKNIQYF	1
CASSRDDRVWNEQFF	1
CASKAGWDTGELFF	1
CASSQALAGAPEQFF	1
CASSLAQGLGEQYF	1
CASSWRTGREQYF	1
CASSPTRDWSDTQYF	1
CASSQLAGETDTQYF	1
CASSVDAEFQETQYF	1
CASSQTTDIYEQFF	1
CASSLTGAAETQYF	1
CASSFRLAASYEQYF	1
CATQGTGNSPLHF	1
CASKSWDRSYEQYF	1
CASSTTGTGPYEQYF	1
CASSGLAGVTDTQYF	1
CASSPKSPGLSYEQYF	1
CASSLGQGYEAFF	1
CASSARPGGYNEQFF	1
CASSLAGGPLKTQYF	1
CASGRANYGYAF	1
CASSQDDTGRNEQFF	1
CASSAQVVQETQYF	1
CSSSFPGREQYF	1
CASSLPDRLGLGYTF	1
CASSFGWNEQFF	1
CASSLGGTSQYF	1
CASSLQGNSPLHF	1
CASSSRRDSSYNEQFF	1
CASSERMTNNSPLHF	1
CASSEAIRGGSETQYF	1
CASSHGTDYNSPLHF	1
CASSSGGSTGELFF	1
CASSLRSDADTQYF	1
CASTPGWLNTEAFF	1
CASSIGQAGSGNTIYF	1
CASSSSGTGNSPLHF	1
CATSRERGVGTQYF	1
CASSLLPSGYNSPLHF	1
CASSLNGGSEQFF	1
CASSSGGYYGYTF	1
CASSMGQGNIQYF	1
CAWSVAAYYGYTF	1
CAINRGLQETQYF	1
CASAQGAGSYTF	1
CASSPDRGWGDEQFF	1
CASSYRLGLDYGYTF	1
CASSLTVRVNEQFF	1
CASSSSGEKDSPLHF	1
CASSQDPTGINEQFF	1
CATQLLNNSPLHF	1
CASIDRANSPLHF	1
CASSLTPSAQTYEQYF	1
CSSSLAITRDIQYF	1
CASSYLNRVSGNTIYF	1
CASSYDPGVGEQYF	1
CASSLDFSLTAHEQFF	1
CASSASWGGGETQYF	1
CATSRVTGVMGTEAFF	1
CASKNDRLNSPLHF	1
CASSRPGRLTDTQYF	1
CSSSPTRGTVYNEQFF	1
CASSISWAGAAYEQYF	1
CSSSSAYGDYEQYF	1
CASSPRTSGNEQFF	1
CASSFPIFNSPLHF	1
CASSFSSGMVSYEQYF	1
CASSLLAGVGTDTQYF	1
CSSSPDRDGYTF	1
CASSPGSGGRYNEQFF	1
CVSSFPGREQYF	1
CASSRTGGLETQYF	1
CASSGGAYNSPLHF	1
CASSFPGALRKQFF	1
CASSSSRYEQYF	1
CASSWNRGAYSPLHF	1
CASSQESGTATYQQYF	1
CASSLQGANYGYTF	1
CASSLQGRAVAYEQYF	1
CVSSLHGANYGYTF	1
CASIQESGTATYEQYF	1
CASSPPRGAFYGYPF	1
CASTQESGTATYEQYF	1
CASSSRGGSEAFF	1
CASSQNRGRRHRGAVF	1
CASSLQGANYRSTF	1
CASSLTGGNSPLHF	1
CASGLLGKPRDQYF	1
CSSSLFFRQYTDTQYF	1
CASSVDSYTGELFF	1
CASSFSGMANTGELFF	1
CASIGGEINEQFF	1
CASSRTGASPLHF	1
CSSSSGGRPREEQFF	1
CASTLGGHGAGETQYF	1
CASSKNTYEQYF	1
CSSSYPSGEQYF	1
CASSLVDFSYEQYF	1
CASLPGPSPYEQYF	1
CAWSRQMGDEKLFF	1
CASFYKQKPAYEQYF	1
CASSYGGSKTQYF	1
CASSYGQFPLYGYTF	1
CASSLQGTNYGYTF	1
CASSSQGRPTYEQYF	1
CAWSGQNRSPLHF	1
CASSGTENSYEQYF	1
CSSSSSGTGNSPLHF	1
CASSLPDRLGRGYTF	1
CASSLGANSYGYPF	1
CASRYDSNLAKNIQYF	1
CASSEAIRGGSETQYF	1
CASSAGGSLVFEKLFF	1
CASSFSSGMVSYEQYF	1
CASSYNGPAGEQYF	1
CASSYNGPAGEQFF	1
CASSLLGPDEQYF	1
CASSLGGCNEQFF	1
CASSLKGMGWETQYF	1
CASSLQGANYGYTF	1
CASSVVGGFLTGELFF	1
CASSARPGWYNEQFF	1
CSSSLTTGESLHF	1
CSSSSGGYYGYTF	1
CASSLPDRLGLGYPF	1
CSSSSAYGDYEQYF	1
CASSVVGVFLTGELFF	1
CDSSSAYGDYEQYF	1
CASSKNPYEQYF	1
CSVSQGLSNPEAFF	1
CAGSPSWGRYEQYF	1
CASSSTGVGPEAFF	1
CASSKDRWNNSPLHF	1
