CASSSSQGAEQYF	TCRBV07-06	0.014000776096235934
CASSLERGGWNEQFF	TCRBV11-02	0.01277454404346139
CASGREYTGELFF	TCRBV02-01	0.01223127667830811
CASSYSGTDEQYF	TCRBV06-05	0.010345362824990299
CASRAGTGKYGYTF	TCRBV06-05	0.009980597594101668
CASSISSGAFNEQFF	TCRBV19-01	0.00995731470702367
CASSRHASGSYNEQFF	TCRBV04-01	0.0089871944121071
CASSMVPTGEQYF	TCRBV19-01	0.008474970896391152
CASSPGQGNYGYTF	TCRBV19-01	0.008273185875048506
CASSITSGAYNEQFF	TCRBV19-01	0.007279782693053938
CASSLQGGSNQPQHF	TCRBV19-01	0.006480403570042685
CASSASTGRNQPQHF	TCRBV06-01	0.0064260768335273576
CASKLTSGAFYEQYF	TCRBV19-01	0.006115638339154055
CASSYPAGGAPYEQYF	TCRBV06-06	0.005975941016686069
CASSYSGDDTQYF	TCRBV06-05	0.005960419091967404
CSVGSGGTNEKLFF	TCRBV29-01	0.005688785409390764
CASSSDSQSSGNTIYF	TCRBV05-01	0.005595653861078774
CASSLGTESNQPQHF	TCRBV07-02	0.004757469926270857
CASSLEVSGYTDTQYF	TCRBV11-02	0.004315095071788902
CASKPPGPYEQYF	TCRBV19-01	0.003973612727978269
CSVEEQEPYEQYF	TCRBV29-01	0.003663174233604967
CASSVVWGLGDEQFF	TCRBV09-01	0.0035001940240589834
CASSGWGRDEQFF	TCRBV09-01	0.0035001940240589834
CASGLATGGPVDTQYF	TCRBV12-05	0.0033760186263096623
CASSQTSGSYNEQFF	TCRBV19-01	0.0032751261156383393
CASSQDSGWPLYEQYF	TCRBV04-01	0.003011253395421032
CASSSTSGAYSEQFF	TCRBV19-01	0.0029724485836243692
CASSAQGDEQYF	TCRBV02-01	0.0029181218471090414
CASSLDVGGTEAFF	TCRBV11-02	0.0026542491268917346
CASSWRGGGNTIYF	TCRBV05-06	0.002592161428017074
CASRVTSGSYNEQFF	TCRBV19-01	0.002561117578579744
CASSAQGASNQPQHF	TCRBV06-04	0.0024214202561117578
CASSYSGDDTQYF	TCRBV06-05	0.0023748544819557627
CASKTRRGISNQPQHF	TCRBV02-01	0.002351571594877765
CASSYSQGGHSPLHF	TCRBV06-06	0.002312766783081102
CASSISVGTGWAGELFF	TCRBV19-01	0.0022429181218471092
CASSFDSGMGTYEQYF	TCRBV05-01	0.0021808304229724487
CASSLAPGATNEKLFF	TCRBV07-06	0.0020954598370197903
CASSQKGLESYEQYF	TCRBV04-01	0.002087698874660458
CASSLAGGQRRNYGYTF	TCRBV05-01	0.0019868063639891347
CASSPGQGSYEQYF	TCRBV06-05	0.0019712844392704696
CASSYSGGRGTEAFF	TCRBV06-06	0.0019169577027551416
CASRPSLGLQNTEAFF	TCRBV19-01	0.001909196740395809
CASSLDLAGPPLVGSEFF	TCRBV05-01	0.0019014357780364765
CASSYNAGTQYF	TCRBV06-05	0.001808304229724486
CASSPNPGLAGTNEQFF	TCRBV05-01	0.001808304229724486
CASSSKAAGIEAFF	TCRBV27-01	0.0017927823050058207
CASSLVAVDEKLFF	TCRBV07-09	0.0017927823050058207
CASSLRPPAEKLFF	TCRBV07-09	0.0017617384555684906
CASSQAGGSGIGDYNEQFF	TCRBV04-01	0.0017539774932091579
CASSLEGVSGTDTQYF	TCRBV09-01	0.0017229336437718278
CASSLRTYEQYF	TCRBV11-02	0.001684128831975165
CASSITSGGLNEQFF	TCRBV19-01	0.0016375630578191697
CASSLTSGPYNEQFF	TCRBV19-01	0.001629802095459837
CASSEGPGGSYEQYF	TCRBV06-01	0.0015832363213038416
CASSGLETRSYEQYF	TCRBV02-01	0.001575475358944509
CASSRDRASDSPLHF	TCRBV25-01	0.001559953434225844
CASSDLDREHEQYF	TCRBV07-09	0.0015444315095071788
CASSLSPGSYNEQFF	TCRBV27-01	0.0014668218859138532
CASSGTGAYEQYF	TCRBV07-09	0.0014512999611951882
CASSIRQGPSYEQYF	TCRBV07-08	0.0014357780364765232
CATSTGLADNEQFF	TCRBV15-01	0.001420256111757858
CASGPLTLSYEQYF	TCRBV28-01	0.0013892122623205278
CASSLETLGDNEQFF	TCRBV05-04	0.0013736903376018626
CASSQERTTAEAFF	TCRBV04-02	0.00136592937524253
CASSSGGSSYNEQFF	TCRBV09-01	0.0013581684128831976
CAWRKYVGNTIYF	TCRBV30-01	0.001350407450523865
CTGLHETQYF	TCRBV27-01	0.0013348855258051998
CACDRVTEAFF	TCRBV02-01	0.0012417539774932092
CASSTGTESNQPQHF	TCRBV07-02	0.0012339930151338766
CASSFEGRGFF	TCRBV07-09	0.0012339930151338766
CASSPQGLGRSGELFF	TCRBV04-01	0.0012029491656965464
CASSPARVSHSGANVLTF	TCRBV05-01	0.0011951882033372138
CSASRSTEAFF	TCRBV20-01	0.0011951882033372138
CASSWDSSYEQYF	TCRBV28-01	0.001156383391540551
CASSLDIEQYF	TCRBV05-06	0.001140861466821886
CASSLEVQGEAFF	TCRBV05-01	0.0011020566550252232
CASSNGQGEGARF	TCRBV04-02	0.0010554908808692277
CASSEGWSSATDTQYF	TCRBV09-01	0.0010477299185098952
CASRGGSGTEAFF	TCRBV02-01	0.0010399689561505626
CASSWGTDTEAFF	TCRBV06-05	0.0010322079937912301
CASSEAISSYNEQFF	TCRBV07-09	0.0010244470314318976
CASSWARGVGTGELFF	TCRBV27-01	0.001016686069072565
CASSQDTDSSSGNTIYF	TCRBV04-02	0.001016686069072565
CALNLWDGAQHF	TCRBV30-01	0.0010089251067132324
CASSVGDIHYEQYF	TCRBV09-01	9.934031819945673E-4
CASTATGTAAEAFF	TCRBV27-01	9.856422196352348E-4
CASSTLSRGSSYEQYF	TCRBV19-01	9.856422196352348E-4
CASSVGMGAGEQYF	TCRBV05-05	9.856422196352348E-4
CASSLETPLKGYTF	TCRBV07-06	9.778812572759023E-4
CASRFSPAPGDTIYF	TCRBV12-02	9.62359332557237E-4
CASSQDNQPQHF	TCRBV04-01	9.545983701979045E-4
CASSLTPLGASKLFF	TCRBV28-01	9.46837407838572E-4
CASSYATGENTIYF	TCRBV06-05	9.390764454792394E-4
CASSAGSYGYTF	TCRBV05-06	9.390764454792394E-4
CASSLAPRQGNTEAFF	TCRBV07-09	9.390764454792394E-4
CASKQGTDNEQFF	TCRBV05-01	9.313154831199069E-4
CASNLAGGPDTQYF	TCRBV05-01	9.313154831199069E-4
CASRIGTGAYEQYF	TCRBV19-01	9.157935584012417E-4
CASGPGTSYEQYF	TCRBV27-01	9.157935584012417E-4
CASSLASLNSQLYEQYF	TCRBV05-05	9.002716336825766E-4
CASSQVAGGRYGYTF	TCRBV04-01	8.925106713232441E-4
CASSSDYNSPLHF	TCRBV07-02	8.925106713232441E-4
CASSMETGVGYGYTF	TCRBV19-01	8.769887466045789E-4
CASSVGFGELFF	TCRBV02-01	8.769887466045789E-4
CASSSWGQGRDGYTF	TCRBV06-06	8.769887466045789E-4
CASSSGLPEQYF	TCRBV07-06	8.769887466045789E-4
CASSLGDREDEKLFF	TCRBV05-01	8.769887466045789E-4
CASSPGTGFYGYTF	TCRBV05-01	8.692277842452464E-4
CASSPGGSNQPQHF	TCRBV06-06	8.614668218859139E-4
CASSQQLVDYEQYF	TCRBV04-01	8.614668218859139E-4
CASSSGTGNYGYTF	TCRBV19-01	8.614668218859139E-4
CAISEPEQGAGETQYF	TCRBV10-03	8.537058595265813E-4
CASSQDSSLDTFYEQYF	TCRBV04-01	8.537058595265813E-4
CASSESQGLVF	TCRBV06-01	8.459448971672488E-4
CASSQGLPPQYF	TCRBV04-01	8.381839348079161E-4
CASSAETGPGAGANVLTF	TCRBV09-01	8.304229724485836E-4
CASSELPTRTTEAFF	TCRBV06-01	8.304229724485836E-4
CASSYLGAGGNSPLHF	TCRBV06-05	8.226620100892511E-4
CASSLTGGAYNEQFF	TCRBV19-01	8.149010477299185E-4
CASSPGTGRYEQYF	TCRBV28-01	7.993791230112534E-4
CASSPDSGSYEQYF	TCRBV18-01	7.993791230112534E-4
CATLLPGGYEQYF	TCRBV06-06	7.838571982925883E-4
CASSPKRDPLEQYF	TCRBV05-01	7.838571982925883E-4
CASRKGEFNAGELFF	TCRBV02-01	7.760962359332557E-4
CASSYIAVRPQHF	TCRBV28-01	7.760962359332557E-4
CAGGRAGGTDTQYF	TCRBV07-09	7.683352735739232E-4
CASSEEAGGNYGYTF	TCRBV06-01	7.683352735739232E-4
CASSDSASATQYF	TCRBV06-04	7.605743112145906E-4
CASSTSGAEGNTIYF	TCRBV07-09	7.605743112145906E-4
CASSFGVGYEQYF	TCRBV07-09	7.605743112145906E-4
CASSRRGQGDGYTF	TCRBV07-02	7.605743112145906E-4
CASSSGRDPTGELFF	TCRBV07-09	7.52813348855258E-4
CASSTGHKNYGYTF	TCRBV07-09	7.52813348855258E-4
CASSMTSGSFDEQFF	TCRBV19-01	7.450523864959255E-4
CASSTGTAYSSGNTIYF	TCRBV13-01	7.450523864959255E-4
CASSAGTDFNQPQHF	TCRBV05-01	7.450523864959255E-4
CASSEGQALGGSEQYF	TCRBV09-01	7.450523864959255E-4
CASSYSGGDTQYF	TCRBV06-05	7.450523864959255E-4
CAWSVSGGGYEQFF	TCRBV30-01	7.37291424136593E-4
CASSQDFGQGDGYTF	TCRBV04-02	7.37291424136593E-4
CASRPGQGPGYTF	TCRBV10-01	7.37291424136593E-4
CASSVQYEQYF	TCRBV02-01	7.295304617772604E-4
CASSQGQGPAYGYTF	TCRBV04-01	7.295304617772604E-4
CAWKRGPGTEAFF	TCRBV30-01	7.295304617772604E-4
CSVSYRGGYEQYF	TCRBV29-01	7.217694994179278E-4
CASSLSTGGNEKLFF	TCRBV05-01	7.140085370585952E-4
CASSQRGDNEQFF	TCRBV06-05	7.140085370585952E-4
CAWTTGYSLEQYF	TCRBV30-01	7.140085370585952E-4
CASSQDGGWSTDTQYF	TCRBV27-01	7.140085370585952E-4
CASSQAQAYGYTF	TCRBV04-02	7.140085370585952E-4
CASSMAGGRDGYTF	TCRBV19-01	7.140085370585952E-4
CSVEAGAFSCAF	TCRBV29-01	7.062475746992627E-4
CASSYSRSGNTYEQYF	TCRBV06-05	7.062475746992627E-4
CASGLENTEAFF	TCRBV12-05	7.062475746992627E-4
CASSFRDRAYEQYF	TCRBV05-06	6.984866123399302E-4
CASSLASGTGVSNQPQHF	TCRBV28-01	6.984866123399302E-4
CATSGRGNYGYTF	TCRBV06-05	6.984866123399302E-4
CASSQGLAGAYEQYF	TCRBV04-01	6.907256499805976E-4
CASSFGYHTEAFF	TCRBV28-01	6.907256499805976E-4
CASSWTPSNQPQHF	TCRBV06-05	6.907256499805976E-4
CASSKGQGNTGELFF	TCRBV05-04	6.82964687621265E-4
CASSYSRWPNSPLHF	TCRBV06-05	6.82964687621265E-4
CASSRLAEYNEQFF	TCRBV07-03	6.82964687621265E-4
CASSGWTSGSYNEQFF	TCRBV28-01	6.82964687621265E-4
CASSDSFLAGGDEQYF	TCRBV06-01	6.82964687621265E-4
CASSGNGGGSYEQYF	TCRBV09-01	6.82964687621265E-4
CASSEALPSEQYF	TCRBV06-01	6.752037252619325E-4
CASSLQDPSNQPQHF	TCRBV05-01	6.752037252619325E-4
CASSYRVEAFF	TCRBV02-01	6.752037252619325E-4
CASSEEGSGLDTQYF	TCRBV02-01	6.752037252619325E-4
CASSVTLAGGANEQFF	TCRBV09-01	6.674427629025999E-4
CASSLVREGFHEQYF	TCRBV07-09	6.674427629025999E-4
CASKLGGETEAFF	TCRBV28-01	6.596818005432674E-4
CASTGGTESNQPQHF	TCRBV06-01	6.596818005432674E-4
CASSERGQVLRGNQPQHF	TCRBV25-01	6.596818005432674E-4
CASTGLAGEEQYF	TCRBV27-01	6.596818005432674E-4
CASSQGQGYGYTF	TCRBV28-01	6.519208381839348E-4
CASTIGGAEEKLFF	TCRBV28-01	6.519208381839348E-4
CASSVGLAATYEQYF	TCRBV09-01	6.519208381839348E-4
CASSVYRQGAVNYGYTF	TCRBV19-01	6.519208381839348E-4
CASSQDLRLGGGNTIYF	TCRBV14-01	6.441598758246022E-4
CASSMMTGNQPQHF	TCRBV19-01	6.441598758246022E-4
CASSWDRVGYTF	TCRBV06-01	6.363989134652697E-4
CASTWGDTGELFF	TCRBV06-05	6.363989134652697E-4
CASSQDGGHANTGELFF	TCRBV04-01	6.363989134652697E-4
CASRRGGFSNEQFF	TCRBV06-05	6.363989134652697E-4
CASSNVRGYEQYF	TCRBV07-02	6.363989134652697E-4
CASSYGTGNNGYTF	TCRBV07-09	6.286379511059371E-4
CASSPPNGNTIYF	TCRBV05-06	6.286379511059371E-4
CASSQGLAGAYEQYF	TCRBV04-01	6.286379511059371E-4
CASSFRSSTDTQYF	TCRBV05-06	6.286379511059371E-4
CASSQFQGLAGTTDTQYF	TCRBV04-01	6.208769887466046E-4
CASSSTSGSLDTQYF	TCRBV19-01	6.208769887466046E-4
CAISREGTGYEKLFF	TCRBV10-03	6.208769887466046E-4
CSVASLAGSTDTQYF	TCRBV29-01	6.208769887466046E-4
CASSLSGGLYEQYF	TCRBV07-02	6.131160263872721E-4
CASTLEGIEFF	TCRBV06-01	6.131160263872721E-4
CASGANSPLHF	TCRBV27-01	6.131160263872721E-4
CSASQQAGYTF	TCRBV20-01	6.131160263872721E-4
CASSQDLRTSGGGTDTQYF	TCRBV14-01	6.131160263872721E-4
CASSGTAGLFF	TCRBV06-01	6.131160263872721E-4
CASTGSRAGNTIYF	TCRBV06-05	6.053550640279394E-4
CSVVDRVYEQYF	TCRBV29-01	5.975941016686069E-4
CASSQGTGGDGYTF	TCRBV27-01	5.975941016686069E-4
CASSPGSGMNTEAFF	TCRBV19-01	5.975941016686069E-4
CASSVGQGVPLHF	TCRBV09-01	5.975941016686069E-4
CASSPPSHTEAFF	TCRBV04-01	5.975941016686069E-4
CASTWTGEIFVGYTF	TCRBV30-01	5.898331393092743E-4
CASSPPYGHLNTEAFF	TCRBV18-01	5.898331393092743E-4
CASSLASGGYEQYF	TCRBV05-01	5.898331393092743E-4
CAWGSLGLAGDRQYF	TCRBV30-01	5.898331393092743E-4
CASSQTTGNYGYTF	TCRBV05-01	5.898331393092743E-4
CASSEDRLNSPLHF	TCRBV05-01	5.898331393092743E-4
CASRLAGQVPSGANVLTF	TCRBV28-01	5.898331393092743E-4
CASISDVYIGGYTF	TCRBV28-01	5.898331393092743E-4
CAISGPGTGANTEAFF	TCRBV10-03	5.898331393092743E-4
CASSETRKAPGRPNEKLFF	TCRBV04-01	5.820721769499418E-4
CASSQFSGGEAFF	TCRBV16-01	5.820721769499418E-4
CASSPAAGGGNQPQHF	TCRBV07-09	5.820721769499418E-4
CASSWTAGGESPLHF	TCRBV06-06	5.820721769499418E-4
CASSGTSGSGEQYF	TCRBV05-01	5.820721769499418E-4
CASSYRQGAYEQYF	TCRBV13-01	5.743112145906093E-4
CSLNGNEQFF	TCRBV20-01	5.743112145906093E-4
CASSLEQYQDEQFF	TCRBV07-09	5.743112145906093E-4
CASSLSGVNTEAFF	TCRBV11-03	5.743112145906093E-4
CATKAGATGPGELFF	TCRBV04-01	5.743112145906093E-4
CASSITSGAYNEQFF	TCRBV19-01	5.743112145906093E-4
CASSSGPVEAFF	TCRBV05-06	5.665502522312766E-4
CASSYDGTGGNGYTF	TCRBV06-05	5.665502522312766E-4
CASGRDTYEQYF	TCRBV02-01	5.665502522312766E-4
CASSSRDRHNEQFF	TCRBV06-05	5.665502522312766E-4
CASRDNPYTGELFF	TCRBV10-02	5.665502522312766E-4
CASSPPSGYEQYF	TCRBV18-01	5.665502522312766E-4
CASGLGQPQHF	TCRBV12-05	5.587892898719441E-4
CASSRSSGDYNEQFF	TCRBV19-01	5.587892898719441E-4
CASSPPAGQGREQYF	TCRBV18-01	5.587892898719441E-4
CASSRRTGVNQPQHF	TCRBV04-01	5.587892898719441E-4
CAWTRWDGELFF	TCRBV30-01	5.587892898719441E-4
CASSAGRYSGNTIYF	TCRBV06-01	5.587892898719441E-4
CASPGDSVYYGYTF	TCRBV05-05	5.587892898719441E-4
CASSRESYEQYF	TCRBV11-02	5.510283275126116E-4
CASSATGVWGEQYF	TCRBV09-01	5.510283275126116E-4
CAISEIRTYEQYF	TCRBV10-03	5.510283275126116E-4
CASSLGTSAYEQYF	TCRBV06-06	5.510283275126116E-4
CASSVGALRGNTIYF	TCRBV09-01	5.510283275126116E-4
CASSLGSGQGFEQYF	TCRBV07-02	5.510283275126116E-4
CASSLERGYNGYTF	TCRBV07-02	5.510283275126116E-4
CASSLASRAATEAFF	TCRBV05-04	5.43267365153279E-4
CASRETVSNQPQHF	TCRBV19-01	5.43267365153279E-4
CASSLAPGQETQYF	TCRBV05-01	5.43267365153279E-4
CASSPSRTGVYEQYF	TCRBV18-01	5.43267365153279E-4
CASTPQQGYGYTF	TCRBV06-01	5.355064027939465E-4
CASSYSVWGGSPLHF	TCRBV27-01	5.355064027939465E-4
CASSPVGRGEAFF	TCRBV04-01	5.355064027939465E-4
CASSVTGQGPYEQYF	TCRBV09-01	5.355064027939465E-4
CASTPGTGSIKAFF	TCRBV28-01	5.355064027939465E-4
CAWSDESGRRGNTIYF	TCRBV30-01	5.355064027939465E-4
CASSDTASSYEQYF	TCRBV10-01	5.355064027939465E-4
CASSPRTSISYEQYF	TCRBV19-01	5.355064027939465E-4
CASSMGPGDKQYF	TCRBV19-01	5.277454404346138E-4
CASSIDRGSPLHF	TCRBV19-01	5.277454404346138E-4
CAISGPGLAGEQETQYF	TCRBV10-03	5.277454404346138E-4
CAISESAETFNGYTF	TCRBV10-03	5.277454404346138E-4
CASSLSVEQYF	TCRBV11-02	5.277454404346138E-4
CASRDAERSYEQYF	TCRBV27-01	5.277454404346138E-4
CASSSRGGEQYF	TCRBV13-01	5.277454404346138E-4
CASTQRGAYNEQFF	TCRBV19-01	5.277454404346138E-4
CASSELWPNSYEQYF	TCRBV02-01	5.199844780752813E-4
CASSILSGQGFHSPLHF	TCRBV19-01	5.199844780752813E-4
CASSIASSGGGEQFF	TCRBV19-01	5.199844780752813E-4
CASTREESSYEQYF	TCRBV28-01	5.199844780752813E-4
CASSSGGHENIQYF	TCRBV05-01	5.199844780752813E-4
CASSLAGLSSYEQYF	TCRBV13-01	5.199844780752813E-4
CASGASLGTEAFF	TCRBV05-01	5.199844780752813E-4
CAISQGLASLGELFF	TCRBV10-03	5.199844780752813E-4
CASSPPTGQGNTIYF	TCRBV07-09	5.199844780752813E-4
CASSSGTRGEQYF	TCRBV28-01	5.199844780752813E-4
CASSQDQGLAELTDTQYF	TCRBV04-02	5.122235157159488E-4
CSAPGEEKLFF	TCRBV20-01	5.122235157159488E-4
CASSEAVGSGGELFF	TCRBV06-01	5.122235157159488E-4
CASSVYRGTNEKLFF	TCRBV02-01	5.122235157159488E-4
CASSPLLGQGSGELFF	TCRBV05-08	5.122235157159488E-4
CASSITSGDYNEQFF	TCRBV19-01	5.122235157159488E-4
CASSSPRPADGEKLFF	TCRBV28-01	5.044625533566162E-4
CASSLGGKRETQYF	TCRBV05-06	5.044625533566162E-4
CASSVTSGQSYNEQFF	TCRBV09-01	5.044625533566162E-4
CASSRGRESYGYTF	TCRBV11-02	5.044625533566162E-4
CASSQDLWDRGNEQFF	TCRBV04-01	5.044625533566162E-4
CASSSGQGWQPQHF	TCRBV28-01	4.967015909972837E-4
CASKAGTGGTDTQYF	TCRBV05-01	4.967015909972837E-4
CASSVYGEGGEQYF	TCRBV09-01	4.967015909972837E-4
CASQGTGQPNSPLHF	TCRBV02-01	4.967015909972837E-4
CASSYSSTGQIGLFF	TCRBV06-05	4.889406286379511E-4
CASSSQGIQEGYTF	TCRBV05-01	4.889406286379511E-4
CASSSGQGSADTQYF	TCRBV07-09	4.811796662786185E-4
CASSRGTPKQEQYF	TCRBV13-01	4.811796662786185E-4
CASSPRRGFSEQYF	TCRBV11-02	4.811796662786185E-4
CASSQDPENTEAFF	TCRBV04-02	4.811796662786185E-4
CASSPSFGGQVNTEAFF	TCRBV04-01	4.73418703919286E-4
CASSLGQGNEAFF	TCRBV05-01	4.73418703919286E-4
CAISGGTATYEQYF	TCRBV10-03	4.73418703919286E-4
CASRERGDPRQTQYF	TCRBV02-01	4.73418703919286E-4
CASSELAALNYEQFF	TCRBV06-01	4.73418703919286E-4
CASRGGGRTSYEQYF	TCRBV27-01	4.73418703919286E-4
CASSQGLINEKLFF	TCRBV05-08	4.6565774155995343E-4
CASRGSYNSPLHF	TCRBV25-01	4.6565774155995343E-4
CASSVGQGGKLFF	TCRBV02-01	4.6565774155995343E-4
CASSRDGGYEQYF	TCRBV18-01	4.6565774155995343E-4
CASSFRTGEAEKLFF	TCRBV07-02	4.6565774155995343E-4
CASSREGRAELFF	TCRBV02-01	4.6565774155995343E-4
CASSEEGLSNQPQHF	TCRBV02-01	4.6565774155995343E-4
CAWSSFSGRTSYEQYF	TCRBV30-01	4.6565774155995343E-4
CSVEGGLAGVDTQYF	TCRBV29-01	4.6565774155995343E-4
CAWRDRGYEQFF	TCRBV30-01	4.6565774155995343E-4
CASSLGTASTNEKLFF	TCRBV27-01	4.5789677920062086E-4
CASSQGTGVYTF	TCRBV04-01	4.5789677920062086E-4
CAISDPTGPAETQYF	TCRBV10-03	4.5789677920062086E-4
CSVPGSSNTGELFF	TCRBV29-01	4.5789677920062086E-4
CASSRTSGSLNTQYF	TCRBV19-01	4.5789677920062086E-4
CASMLGNNWNTEAFF	TCRBV06-05	4.5789677920062086E-4
CASSGTNTGELFF	TCRBV27-01	4.5789677920062086E-4
CASSWGSGGSYEQYF	TCRBV28-01	4.5789677920062086E-4
CASRKTSGGYNEQFF	TCRBV19-01	4.5789677920062086E-4
CASSYRDSGNQPQHF	TCRBV13-01	4.5789677920062086E-4
CASSPRDNPDEQFF	TCRBV07-08	4.5789677920062086E-4
CASSQDLGGAQYF	TCRBV14-01	4.5789677920062086E-4
CASSLDLAGYGYTF	TCRBV07-08	4.5789677920062086E-4
CASSKGVAEAFF	TCRBV21-01	4.501358168412883E-4
CASSLLGQGAYEQYF	TCRBV05-04	4.501358168412883E-4
CASSLTGTGVKVYNSPLHF	TCRBV05-06	4.501358168412883E-4
CASSNNAYEQYF	TCRBV05-01	4.501358168412883E-4
CASTEGNQPQHF	TCRBV06-06	4.501358168412883E-4
CASSVDEGWNSPLHF	TCRBV09-01	4.501358168412883E-4
CASSGGARELFF	TCRBV09-01	4.423748544819558E-4
CATRDRDYENIQYF	TCRBV15-01	4.423748544819558E-4
CASSSVGVDQPQHF	TCRBV09-01	4.423748544819558E-4
CASSSPAGTSRYEQYF	TCRBV11-02	4.423748544819558E-4
CASSPNAKRKYF	TCRBV16-01	4.423748544819558E-4
CASSWGGGTEAFF	TCRBV05-04	4.346138921226232E-4
CASRAIGGSNGYTF	TCRBV27-01	4.346138921226232E-4
CASSSGRTVYEQYF	TCRBV05-01	4.346138921226232E-4
CSALRANVLTF	TCRBV20-01	4.346138921226232E-4
CASSDTVLRSSGANVLTF	TCRBV06-01	4.346138921226232E-4
CASSQGGVGYNEQFF	TCRBV04-01	4.346138921226232E-4
CASSTGQRIFNQPQHF	TCRBV28-01	4.346138921226232E-4
CASSWTGEIYGYTF	TCRBV05-01	4.346138921226232E-4
CASSLGTVSGNTIYF	TCRBV07-02	4.346138921226232E-4
CASSQVGFGNTIYF	TCRBV14-01	4.346138921226232E-4
CASSAGGFGGEQYF	TCRBV05-01	4.2685292976329063E-4
CASSRGGMYEQFF	TCRBV06-05	4.2685292976329063E-4
CASSIPPKVRNTEAFF	TCRBV19-01	4.2685292976329063E-4
CAISATWTGENSPLHF	TCRBV10-03	4.2685292976329063E-4
CASRGRDRSSYEQYF	TCRBV05-06	4.2685292976329063E-4
CASSLSTTNEKLFF	TCRBV28-01	4.2685292976329063E-4
CSVTPVGTGDGKLFF	TCRBV29-01	4.2685292976329063E-4
CASRDSNQPQHF	TCRBV02-01	4.2685292976329063E-4
CASTLDGEPQHF	TCRBV02-01	4.2685292976329063E-4
CASSGQGWANEKLFF	TCRBV19-01	4.2685292976329063E-4
CASSESTGTEQPPWQYF	TCRBV06-04	4.2685292976329063E-4
CASSLGTSGEQFF	TCRBV28-01	4.1909196740395806E-4
CASSGGQGSAGELFF	TCRBV07-09	4.1909196740395806E-4
CATHRDANGNQPQHF	TCRBV19-01	4.1909196740395806E-4
CASSPDGMNTEAFF	TCRBV10-02	4.1909196740395806E-4
CASSETGSAQPQHF	TCRBV02-01	4.1133100504462555E-4
CASSEQPTNEKLFF	TCRBV02-01	4.1133100504462555E-4
CATSRDPNTGYTF	TCRBV15-01	4.1133100504462555E-4
CASSLRTSGGLYEQYF	TCRBV11-02	4.1133100504462555E-4
CASSYSSGGGYTF	TCRBV06-05	4.1133100504462555E-4
CASSDPQGAGEQYF	TCRBV05-01	4.1133100504462555E-4
CAAGGTGAYGYTF	TCRBV06-01	4.1133100504462555E-4
CASSYQPPIYSNQPQHF	TCRBV27-01	4.1133100504462555E-4
CATSRDELYEQYF	TCRBV15-01	4.1133100504462555E-4
CASSSTQGAGEQYF	TCRBV05-04	4.1133100504462555E-4
CAISESLAGVYNEQFF	TCRBV10-03	4.1133100504462555E-4
CSARHSYEQYF	TCRBV20-01	4.1133100504462555E-4
CASSITSGSLDTQYF	TCRBV19-01	4.1133100504462555E-4
CASSYSPAGGGGTIYF	TCRBV06-05	4.03570042685293E-4
CASSLGAYGYTF	TCRBV05-06	4.03570042685293E-4
CASSPDRDNSPLHF	TCRBV18-01	4.03570042685293E-4
CASSSPGTGDGYEQYF	TCRBV06-06	4.03570042685293E-4
CASGSLAGGTYEQYF	TCRBV27-01	4.03570042685293E-4
CASSITSGVDTQYF	TCRBV19-01	4.03570042685293E-4
CASSPGQAYEQYF	TCRBV05-01	4.03570042685293E-4
CASSLLAAIPNEQFF	TCRBV28-01	4.03570042685293E-4
CASSEEGRNIQYF	TCRBV06-01	3.958090803259604E-4
CASSPGTSGASSYNEQFF	TCRBV11-03	3.958090803259604E-4
CASSFGQNTEAFF	TCRBV07-03	3.958090803259604E-4
CAIPGRGDYGYTF	TCRBV19-01	3.958090803259604E-4
CSVVQGTDTQYF	TCRBV29-01	3.958090803259604E-4
CASSEYRGRNEQFF	TCRBV25-01	3.958090803259604E-4
CASSPDRGYEQYF	TCRBV06-05	3.958090803259604E-4
CAISESGGITEAFF	TCRBV10-03	3.958090803259604E-4
CASSERVPGNTIYF	TCRBV02-01	3.958090803259604E-4
CASKFSRNTEAFF	TCRBV02-01	3.958090803259604E-4
CASSLGLAGSKQYF	TCRBV11-03	3.958090803259604E-4
CAISEPESPGGETQYF	TCRBV10-03	3.958090803259604E-4
CAISSGTGKGDEKLFF	TCRBV10-03	3.958090803259604E-4
CASSLAQGPSYEQYF	TCRBV07-08	3.8804811796662784E-4
CASSPPRGGYYGYTF	TCRBV28-01	3.8804811796662784E-4
CASSLRAGNNQPQHF	TCRBV04-01	3.8804811796662784E-4
CASTGLASTGELFF	TCRBV02-01	3.8804811796662784E-4
CASSLDSYTEAFF	TCRBV05-06	3.8804811796662784E-4
CASSKRGEVRDHEQYF	TCRBV19-01	3.8804811796662784E-4
CASSYRGVPGELFF	TCRBV06-05	3.8804811796662784E-4
CASSLFRGGARFYTF	TCRBV28-01	3.802871556072953E-4
CASSRRGRAGNTIYF	TCRBV21-01	3.802871556072953E-4
CASSSGPGTQYF	TCRBV07-02	3.802871556072953E-4
CASSQDRGLEKLFF	TCRBV16-01	3.802871556072953E-4
CASRTDGFEQFF	TCRBV06-01	3.802871556072953E-4
CASSLQGYEQYF	TCRBV14-01	3.802871556072953E-4
CASSEVVISGNTIYF	TCRBV06-01	3.802871556072953E-4
CASSQSSSNQPQHF	TCRBV18-01	3.7252619324796275E-4
CASSRTDRDRNTIYF	TCRBV07-02	3.7252619324796275E-4
CASSLQGGRDTQYF	TCRBV07-02	3.7252619324796275E-4
CAASSREAQPQHF	TCRBV06-01	3.7252619324796275E-4
CASSQDGSGGPDTQYF	TCRBV04-02	3.7252619324796275E-4
CASSVREAGNTIYF	TCRBV09-01	3.7252619324796275E-4
CASRTSGQLYQPQHF	TCRBV06-01	3.7252619324796275E-4
CASSLGTVSNQPQHF	TCRBV05-01	3.7252619324796275E-4
CASSEDAKNYGYTF	TCRBV02-01	3.7252619324796275E-4
CASSLGTGGQPQHF	TCRBV05-01	3.7252619324796275E-4
CAWDRQGTTEAFF	TCRBV30-01	3.7252619324796275E-4
CASSIVQTNEKLFF	TCRBV19-01	3.7252619324796275E-4
CASSPGQALYGYTF	TCRBV18-01	3.647652308886302E-4
CASSLLDNLGFNEQFF	TCRBV04-02	3.647652308886302E-4
CATRGGGLNTGELFF	TCRBV28-01	3.647652308886302E-4
CASSQNNGNEQYF	TCRBV28-01	3.570042685292976E-4
CASSPPIRRHNEQFF	TCRBV07-09	3.570042685292976E-4
CASSVGPGGSTDTQYF	TCRBV09-01	3.570042685292976E-4
CASSGEAGNYGYTF	TCRBV02-01	3.570042685292976E-4
CASSLRGAPKNIQYF	TCRBV13-01	3.570042685292976E-4
CSVLWTTNEKLFF	TCRBV29-01	3.570042685292976E-4
CASSYRTGEKLFF	TCRBV06-05	3.570042685292976E-4
CASSWTGGREQYF	TCRBV27-01	3.570042685292976E-4
CASSQGGTRRETQYF	TCRBV06-05	3.570042685292976E-4
CAGQGDTEAFF	TCRBV28-01	3.570042685292976E-4
CASRTGVDTEAFF	TCRBV05-01	3.492433061699651E-4
CASSEYRASYEQYF	TCRBV25-01	3.492433061699651E-4
CASSRGTAGNEQFF	TCRBV06-05	3.492433061699651E-4
CASSIRGTGGTNEKLFF	TCRBV19-01	3.492433061699651E-4
CASSFQGASGNTIYF	TCRBV07-08	3.492433061699651E-4
CTSSQEGPADSYTGELFF	TCRBV01-01	3.492433061699651E-4
CASSQDLTSGIPYEQYF	TCRBV04-02	3.492433061699651E-4
CASSVEFGLAGGTTHEQFF	TCRBV09-01	3.492433061699651E-4
CASSLRRGDYGYTF	TCRBV11-02	3.414823438106325E-4
CASSNAAGDTEAFF	TCRBV11-01	3.414823438106325E-4
CASRSWGQGNYGYTF	TCRBV18-01	3.414823438106325E-4
CASTSPGRGVKKLFF	TCRBV23-01	3.3372138145129995E-4
CASSRTGLREKLFF	TCRBV06-05	3.3372138145129995E-4
CASKGGNQPQHF	TCRBV28-01	3.3372138145129995E-4
CASSLDGNQPQHF	TCRBV28-01	3.3372138145129995E-4
CASSSSGGEKLFF	TCRBV05-01	3.3372138145129995E-4
CASSFAPVTDTQYF	TCRBV07-09	3.3372138145129995E-4
CASSARARAEYNEQFF	TCRBV09-01	3.259604190919674E-4
CASSARRAANTGELFF	TCRBV09-01	3.259604190919674E-4
CASSFRTTAGELFF	TCRBV27-01	3.259604190919674E-4
CASSRDRRNNEQFF	TCRBV05-01	3.259604190919674E-4
CASSLDPPGTQETQYF	TCRBV05-01	3.259604190919674E-4
CASSSGSLDQYF	TCRBV06-06	3.259604190919674E-4
CASSAGTSGNEQFF	TCRBV09-01	3.259604190919674E-4
CASSFGTSGSEQYF	TCRBV11-02	3.259604190919674E-4
CASSATAAWGGDTQYF	TCRBV02-01	3.259604190919674E-4
CSARKLAEQYF	TCRBV20-01	3.259604190919674E-4
CASSSLTLQGSGANVLTF	TCRBV05-01	3.1819945673263486E-4
CASSSVTGGWEPQHF	TCRBV28-01	3.1819945673263486E-4
CASSLKGGELLNTQYF	TCRBV05-04	3.1819945673263486E-4
CASSPEGQGDSPLSYEQYF	TCRBV09-01	3.1819945673263486E-4
CASSPRDTKETQYF	TCRBV18-01	3.1819945673263486E-4
CASSLALTGMGGYTF	TCRBV05-01	3.1819945673263486E-4
CASSASPKTVNYGYTF	TCRBV09-01	3.1819945673263486E-4
CASRGTGSGEAFF	TCRBV06-01	3.104384943733023E-4
CASRYRDTRSYEQYF	TCRBV05-05	3.104384943733023E-4
CASSGGGESNEQYF	TCRBV06-01	3.104384943733023E-4
CASSLVKGYEKLFF	TCRBV07-02	3.104384943733023E-4
CASSLILGLAGEQYF	TCRBV14-01	3.104384943733023E-4
CASRGQGGQPQHF	TCRBV28-01	3.104384943733023E-4
CASSLGEGYEQYF	TCRBV07-03	3.104384943733023E-4
CASSYYPGRGNEQFF	TCRBV06-05	3.104384943733023E-4
CASSGTEDTQYF	TCRBV19-01	3.026775320139697E-4
CASSLRDMGRAFF	TCRBV28-01	3.026775320139697E-4
CASSQRSRDRDGYTF	TCRBV04-02	3.026775320139697E-4
CASSQEGARTDTQYF	TCRBV04-01	3.026775320139697E-4
CASSFLPTGEGNQPQHF	TCRBV27-01	3.026775320139697E-4
CASSDGTSTDTQYF	TCRBV05-04	3.026775320139697E-4
CASSTTSGGLRGQYF	TCRBV19-01	3.026775320139697E-4
CASSLSFGSGQPQHF	TCRBV27-01	3.026775320139697E-4
CASITRSPPEQYF	TCRBV28-01	3.026775320139697E-4
CASSPDRVANTIYF	TCRBV02-01	3.026775320139697E-4
CASSDGRVGRTGELFF	TCRBV18-01	3.026775320139697E-4
CASSSPVGGSYEQYF	TCRBV27-01	3.026775320139697E-4
CASSLGGGSTDTQYF	TCRBV05-01	3.026775320139697E-4
CASSEAKGYNEQFF	TCRBV02-01	3.026775320139697E-4
CASSRDSNNEQFF	TCRBV05-04	2.9491656965463715E-4
CASRAEGRGLNEKLFF	TCRBV27-01	2.9491656965463715E-4
CASSQSYRGPSTDTQYF	TCRBV04-01	2.9491656965463715E-4
CASSGGLFSGNTIYF	TCRBV06-01	2.9491656965463715E-4
CASSLDQGGTLNTGELFF	TCRBV11-03	2.9491656965463715E-4
CAWGRDTYEQYF	TCRBV30-01	2.9491656965463715E-4
CASSPGQGARYEQYF	TCRBV07-08	2.8715560729530463E-4
CAITGQGAYTEAFF	TCRBV06-01	2.8715560729530463E-4
CASAPGPGELFF	TCRBV23-01	2.8715560729530463E-4
CASSLTPRTEAFF	TCRBV07-07	2.8715560729530463E-4
CASSPLRQAGNTIYF	TCRBV27-01	2.8715560729530463E-4
CASSESPRGAVETQYF	TCRBV02-01	2.8715560729530463E-4
CASSPRTGGAANEQFF	TCRBV05-06	2.8715560729530463E-4
CASSLQGSGNTIYF	TCRBV05-04	2.7939464493597206E-4
CASSPGGVGTDTQYF	TCRBV18-01	2.7939464493597206E-4
CASSIMAGSQGYTF	TCRBV19-01	2.7939464493597206E-4
CASSSRGRGHGYGYTF	TCRBV27-01	2.7939464493597206E-4
CASSLGTLAGELFF	TCRBV07-09	2.7939464493597206E-4
CASSLYDGEETQYF	TCRBV06-05	2.7939464493597206E-4
CASRDTERNEQFF	TCRBV05-01	2.7939464493597206E-4
CASRDRENIQYF	TCRBV05-05	2.7939464493597206E-4
CASSKLADREYQPQHF	TCRBV21-01	2.7939464493597206E-4
CASSLGGRQDTEAFF	TCRBV07-09	2.7939464493597206E-4
CASSSQGGSTEAFF	TCRBV07-08	2.7939464493597206E-4
CASSPAKAGFSYEQYF	TCRBV28-01	2.7939464493597206E-4
CASSLTRFYNEQFF	TCRBV14-01	2.7939464493597206E-4
CASSGTDYEQYF	TCRBV19-01	2.7939464493597206E-4
CASSLATSGRAKGFYNEQFF	TCRBV28-01	2.716336825766395E-4
CASSDRQVLSSGANVLTF	TCRBV18-01	2.716336825766395E-4
CATSDVWSLGPQHF	TCRBV10-03	2.716336825766395E-4
CASSLGAGADYGYTF	TCRBV07-09	2.716336825766395E-4
CASEADTQYF	TCRBV19-01	2.716336825766395E-4
CASSGDTDTQYF	TCRBV07-09	2.716336825766395E-4
CASGGQSAETQYF	TCRBV28-01	2.716336825766395E-4
CASRNRGRRAFF	TCRBV06-05	2.716336825766395E-4
CASRMDYNYNEQFF	TCRBV06-01	2.716336825766395E-4
CASSFQGSTYEQYF	TCRBV05-04	2.716336825766395E-4
CASKWAAGYNEQFF	TCRBV02-01	2.716336825766395E-4
CASTSRDSLLYEQYF	TCRBV07-09	2.716336825766395E-4
CASSDGTANTEAFF	TCRBV07-09	2.716336825766395E-4
CASSFLETQYF	TCRBV07-02	2.638727202173069E-4
CASRGGTSGLLDTQYF	TCRBV05-01	2.638727202173069E-4
CASSNPGEAFF	TCRBV07-09	2.638727202173069E-4
CASSDVQGTTNEKLFF	TCRBV05-01	2.638727202173069E-4
CASSTPLGGGDTEAFF	TCRBV05-04	2.638727202173069E-4
CASSVGGTVTQTQYF	TCRBV09-01	2.638727202173069E-4
CASSMTGGESRQYF	TCRBV09-01	2.638727202173069E-4
CASSEREANTGELFF	TCRBV02-01	2.638727202173069E-4
CGTRVGNTIYF	TCRBV20-01	2.638727202173069E-4
CASTYWVLQPQHF	TCRBV06-01	2.638727202173069E-4
CASSDASFRNVDYGYTF	TCRBV12-01	2.638727202173069E-4
CASSSDLNYGYTF	TCRBV11-02	2.638727202173069E-4
CATRRGANTGELFF	TCRBV07-06	2.638727202173069E-4
CASSPTGAWGTGELFF	TCRBV11-03	2.561117578579744E-4
CASSIGYGRGRETQYF	TCRBV19-01	2.561117578579744E-4
CASSLSGGVNTGELFF	TCRBV07-09	2.561117578579744E-4
CASSFFGQGGETQYF	TCRBV05-01	2.561117578579744E-4
CASTKGGGGTEAFF	TCRBV06-05	2.561117578579744E-4
CASRTADTQYF	TCRBV02-01	2.561117578579744E-4
CASSVDFGAWSRRNTIYF	TCRBV09-01	2.561117578579744E-4
CASSFGAGTQYF	TCRBV05-04	2.561117578579744E-4
CASSPRQGLNTEAFF	TCRBV18-01	2.561117578579744E-4
CASREGTNLAKNIQYF	TCRBV07-06	2.561117578579744E-4
CASSLGVVAGGLSYNEQFF	TCRBV11-02	2.561117578579744E-4
CASSLGQGYTGELFF	TCRBV11-02	2.4835079549864183E-4
CASSFERDTQYF	TCRBV07-03	2.4835079549864183E-4
CASSFLAGDTQYF	TCRBV28-01	2.4835079549864183E-4
CASSFTGNTGELFF	TCRBV06-01	2.4835079549864183E-4
CASRSGAGPYNEQFF	TCRBV06-05	2.4835079549864183E-4
CASSPWTSPQETQYF	TCRBV09-01	2.4835079549864183E-4
CASSRGKTEAFF	TCRBV14-01	2.4835079549864183E-4
CASSSREGGAEAFF	TCRBV27-01	2.4835079549864183E-4
CASSLAGYNEQFF	TCRBV05-04	2.4835079549864183E-4
CASNPPRQGNNSPLHF	TCRBV11-03	2.4835079549864183E-4
CASSQVSGSTGELFF	TCRBV14-01	2.4835079549864183E-4
CASSYEVAQQPIFTDTQYF	TCRBV06-08	2.4058983313930926E-4
CASSWAQGLGETQYF	TCRBV07-09	2.4058983313930926E-4
CASSGTSGSGEQYF	TCRBV05-01	2.4058983313930926E-4
CASRRDRELGTQYF	TCRBV06-01	2.3282887077997672E-4
CASRRTSGAYNEQFF	TCRBV19-01	2.3282887077997672E-4
CASSMSIWGSNQPQHF	TCRBV19-01	2.3282887077997672E-4
CASSISSGQYNEQFF	TCRBV19-01	2.3282887077997672E-4
CAISSRQDQPQHF	TCRBV10-03	2.3282887077997672E-4
CASSDRGSTGIYGYTF	TCRBV07-06	2.3282887077997672E-4
CASSEVYNLEQFF	TCRBV25-01	2.2506790842064415E-4
CASSLGTGGVNQPQHF	TCRBV05-01	2.2506790842064415E-4
CASRIQGSGELFF	TCRBV02-01	2.2506790842064415E-4
CASSPTGRPEAAFF	TCRBV09-01	2.2506790842064415E-4
CASSLSRPDTQYF	TCRBV27-01	2.2506790842064415E-4
CASSFGQVNNEQFF	TCRBV05-01	2.2506790842064415E-4
CASSSGTVRETQYF	TCRBV28-01	2.2506790842064415E-4
CASRAGTSGGTDTQYF	TCRBV05-01	2.2506790842064415E-4
CASSPDASHGKIYGYTF	TCRBV06-04	2.2506790842064415E-4
CASSWVCPARKTYGYTF	TCRBV07-04	2.2506790842064415E-4
CASSAQGPVEAFF	TCRBV07-09	2.2506790842064415E-4
CASSFSAGPYEQFF	TCRBV05-01	2.2506790842064415E-4
CASSLGGNTGELFF	TCRBV05-01	2.173069460613116E-4
CAISESQGRGKFAGEQYF	TCRBV10-03	2.173069460613116E-4
CASSATTGEGDGYTF	TCRBV05-01	2.173069460613116E-4
CASTPSGPEYNEQFF	TCRBV04-01	2.173069460613116E-4
CASSPQQGVGYTF	TCRBV28-01	2.173069460613116E-4
CASSRGGAVNEQFF	TCRBV02-01	2.173069460613116E-4
CASSATSGSVYEQYF	TCRBV06-01	2.173069460613116E-4
CASRAGVSGRTDTQYF	TCRBV05-01	2.173069460613116E-4
CASSQSGFYLSGELFF	TCRBV14-01	2.173069460613116E-4
CASSPEDSPLHF	TCRBV18-01	2.173069460613116E-4
CASSPPGQGHSNQPQHF	TCRBV05-01	2.173069460613116E-4
CASRSCMLHVLDEQYF	TCRBV21-01	2.173069460613116E-4
CASSQNPTGAGAVETQYF	TCRBV04-02	2.173069460613116E-4
CASSKESVFYEQYF	TCRBV21-01	2.173069460613116E-4
CASRTGSGEGYTF	TCRBV05-01	2.173069460613116E-4
CASSSRPSGETQYF	TCRBV11-03	2.0954598370197903E-4
CASKLDTFQETQYF	TCRBV04-01	2.0954598370197903E-4
CASPPGRTSPLGETQYF	TCRBV28-01	2.0954598370197903E-4
CASGLGTLPQHF	TCRBV12-05	2.0954598370197903E-4
CASSDSQGTGSTDTQYF	TCRBV09-01	2.0954598370197903E-4
CASSIGQATNEKLFF	TCRBV02-01	2.0954598370197903E-4
CASSVGWGAAYEQYF	TCRBV09-01	2.0954598370197903E-4
CASSFEPQGPWVF	TCRBV27-01	2.0954598370197903E-4
CAWSTQIHTDTQYF	TCRBV30-01	2.0954598370197903E-4
CSARSDTEAFF	TCRBV20-01	2.0954598370197903E-4
CASSVTWTVNTEAFF	TCRBV06-01	2.0954598370197903E-4
CASSVHTGELFF	TCRBV11-03	2.0954598370197903E-4
CASFPTGFSGNTIYF	TCRBV06-05	2.0954598370197903E-4
CASSKATLGLAETQYF	TCRBV21-01	2.0954598370197903E-4
CASSARDPFSTEAFF	TCRBV05-01	2.017850213426465E-4
CASSVTGQGPYEQYF	TCRBV09-01	2.017850213426465E-4
CATSRDRGHTEAFF	TCRBV15-01	2.017850213426465E-4
CASSPAETQYF	TCRBV11-01	2.017850213426465E-4
CASSAGQGGGSSYNEQFF	TCRBV02-01	2.017850213426465E-4
CAISSLSSGSSGYTQYF	TCRBV10-03	2.017850213426465E-4
CASSLQSGGNQPQHF	TCRBV07-06	2.017850213426465E-4
CASSAGQAQETQYF	TCRBV05-01	2.017850213426465E-4
CASSQEVRGYNEQFF	TCRBV14-01	2.017850213426465E-4
CASSSNRPNTGELFF	TCRBV05-01	1.9402405898331392E-4
CATSRDGVRNTEAFF	TCRBV15-01	1.9402405898331392E-4
CASSAPQTEYHSGANVLTF	TCRBV09-01	1.9402405898331392E-4
CASSLGSGDGYTF	TCRBV11-02	1.9402405898331392E-4
CASSLDGNTGELFF	TCRBV11-03	1.9402405898331392E-4
CAISPGTEGGNTIYF	TCRBV10-03	1.9402405898331392E-4
CASSPRTSGDEQYF	TCRBV05-06	1.8626309662398137E-4
CASSWGRLAGAHEQYF	TCRBV05-05	1.8626309662398137E-4
CASSRKQFGGFTGELFF	TCRBV14-01	1.8626309662398137E-4
CASRAWGGNTEAFF	TCRBV06-01	1.8626309662398137E-4
CASSIEGVGAGQFF	TCRBV19-01	1.8626309662398137E-4
CASKAVSGANVLTF	TCRBV02-01	1.8626309662398137E-4
CASSAGGTGGDSGELFF	TCRBV09-01	1.8626309662398137E-4
CASSLGGTLRRETQYF	TCRBV07-02	1.8626309662398137E-4
CASSYSGTDTQYF	TCRBV06-05	1.785021342646488E-4
CAISPETSAETQYF	TCRBV10-03	1.785021342646488E-4
CAISARDDGGYTF	TCRBV10-03	1.785021342646488E-4
CASLDYVGRDQETQYF	TCRBV28-01	1.785021342646488E-4
CASSLERDRTDTQYF	TCRBV05-04	1.785021342646488E-4
CASSLGIAKNIQYF	TCRBV11-02	1.785021342646488E-4
CASSSPGQSSGANVLTF	TCRBV27-01	1.785021342646488E-4
CASSDAAPLETQYF	TCRBV10-02	1.785021342646488E-4
CASWRAGGGYNEQFF	TCRBV28-01	1.785021342646488E-4
CASGSSTSPGTKYF	TCRBV12-05	1.785021342646488E-4
CASSVDSTSNQPQHF	TCRBV07-06	1.785021342646488E-4
CASSFLIATPSDNEQFF	TCRBV21-01	1.785021342646488E-4
CASSPLVSDTDTQYF	TCRBV18-01	1.7074117190531626E-4
CASISGTGGFETQYF	TCRBV05-01	1.7074117190531626E-4
CASSSGYNEQFF	TCRBV05-04	1.7074117190531626E-4
CASSRIGLATETQYF	TCRBV07-06	1.7074117190531626E-4
CASSQDLRTSGSNEQFF	TCRBV04-02	1.7074117190531626E-4
CASSPGVAWGAKNIQYF	TCRBV11-03	1.7074117190531626E-4
CASSRADTQYF	TCRBV25-01	1.7074117190531626E-4
CASTLGGGSQETQYF	TCRBV09-01	1.7074117190531626E-4
CASSLHPEGTQYF	TCRBV11-02	1.7074117190531626E-4
CASSFGQGAPHEQFF	TCRBV07-06	1.7074117190531626E-4
CASSSSAVYEQYF	TCRBV19-01	1.7074117190531626E-4
CASSLSSGNGHEQYF	TCRBV07-06	1.7074117190531626E-4
CAISEPDLSSGETQYF	TCRBV10-03	1.7074117190531626E-4
CASSEADGFSTEAFF	TCRBV06-01	1.7074117190531626E-4
CASSLEGNSYEQYF	TCRBV05-04	1.7074117190531626E-4
CAISMGKTFTGELFF	TCRBV10-03	1.7074117190531626E-4
CASSKVPVSTNEKLFF	TCRBV21-01	1.629802095459837E-4
CASSPGQGLETQYF	TCRBV18-01	1.629802095459837E-4
CASSSPGPSSGETQYF	TCRBV28-01	1.629802095459837E-4
CASEGLAVGNEQFF	TCRBV07-09	1.629802095459837E-4
CASSSRTSGTDTGELFF	TCRBV13-01	1.629802095459837E-4
CASSLVGGRPYEQYF	TCRBV27-01	1.629802095459837E-4
CASSVEGVGNYGYTF	TCRBV18-01	1.629802095459837E-4
CASSERAEPSTDTQYF	TCRBV02-01	1.629802095459837E-4
CASSLADFAGELFF	TCRBV07-06	1.629802095459837E-4
CASSDALGGTDTQYF	TCRBV06-04	1.5521924718665114E-4
CASSLDEDSYYGYTF	TCRBV05-06	1.5521924718665114E-4
CASSPRVTSTDTQYF	TCRBV19-01	1.5521924718665114E-4
CASSPLAGGETQYF	TCRBV07-09	1.5521924718665114E-4
CASSPNGGGEETQYF	TCRBV18-01	1.5521924718665114E-4
CASSFLAPMNTEAFF	TCRBV10-02	1.5521924718665114E-4
CASGQPLPGKTYGYTF	TCRBV05-04	1.5521924718665114E-4
CASSLGQGSGANVLTF	TCRBV05-05	1.5521924718665114E-4
CASSFQGLGPDTQYF	TCRBV28-01	1.5521924718665114E-4
CASSLVTSSQETQYF	TCRBV05-06	1.5521924718665114E-4
CASSPLTSGREYEQYF	TCRBV19-01	1.5521924718665114E-4
CASSSGTGFTGELFF	TCRBV05-01	1.5521924718665114E-4
CASSSRIAGSTDTQYF	TCRBV19-01	1.5521924718665114E-4
CASSISSGDYNEQFF	TCRBV19-01	1.5521924718665114E-4
CASSTLTDTQYF	TCRBV27-01	1.5521924718665114E-4
CSAEGQDEAFF	TCRBV20-01	1.5521924718665114E-4
CAYQVGTGGILRTEAFF	TCRBV19-01	1.5521924718665114E-4
CASSQVHPGELFF	TCRBV14-01	1.4745828482731857E-4
CASSVGGSSYNEQFF	TCRBV09-01	1.4745828482731857E-4
CASSRLPPTTTLQDEQFF	TCRBV14-01	1.4745828482731857E-4
CASRSQAPGQGSYGYTF	TCRBV27-01	1.4745828482731857E-4
CASSPRPQETQYF	TCRBV07-09	1.4745828482731857E-4
CASSPVGGGSTDTQYF	TCRBV07-09	1.4745828482731857E-4
CASSLGLASYNEQFF	TCRBV07-03	1.4745828482731857E-4
CASSPSPVGGPELFF	TCRBV02-01	1.4745828482731857E-4
CASSPTSYNEQFF	TCRBV27-01	1.4745828482731857E-4
CASSEGMGGNIQYF	TCRBV05-01	1.4745828482731857E-4
CASSSGGDYGYTF	TCRBV18-01	1.3969732246798603E-4
CASSQGQDTQYF	TCRBV04-01	1.3969732246798603E-4
CASSPPVTKETQYF	TCRBV18-01	1.3969732246798603E-4
CATGVGQPQHF	TCRBV27-01	1.3969732246798603E-4
CARDSNGYTF	TCRBV21-01	1.3969732246798603E-4
CAWIRGTGGYRGTEAFF	TCRBV30-01	1.3969732246798603E-4
CASSQYLAGGQYQETQYF	TCRBV04-02	1.3969732246798603E-4
CASSLLGPETQYF	TCRBV07-07	1.3969732246798603E-4
CASRAAGGGTYNEQFF	TCRBV28-01	1.3969732246798603E-4
CASSQPDRANSPLHF	TCRBV04-01	1.3969732246798603E-4
CASSYSKGGGTDTQYF	TCRBV06-05	1.3969732246798603E-4
CASSPGQGTGNTEAFF	TCRBV11-01	1.3969732246798603E-4
CASSYSRWGTTDTQYF	TCRBV06-05	1.3969732246798603E-4
CALGGLGDTQYF	TCRBV28-01	1.3193636010865346E-4
CASSIREASTDTQYF	TCRBV18-01	1.3193636010865346E-4
CASSPWVERPAEQYF	TCRBV11-02	1.3193636010865346E-4
CASSLGGREQYF	TCRBV27-01	1.3193636010865346E-4
CASRQAMLHHSDNEQFF	TCRBV21-01	1.3193636010865346E-4
CAIRSAAGALKETQYF	TCRBV10-03	1.3193636010865346E-4
CASSEGTGTIDHVFF	TCRBV06-01	1.3193636010865346E-4
CASSYSFLDTEAFF	TCRBV06-05	1.3193636010865346E-4
CASSLGASGGFFIDTQYF	TCRBV05-01	1.3193636010865346E-4
CASSPDGMNTETFF	TCRBV10-02	1.3193636010865346E-4
CASSPRGVAGGREQFF	TCRBV27-01	1.3193636010865346E-4
CASRVLAGGQETQYF	TCRBV05-01	1.3193636010865346E-4
CASRGGGSYNEQFF	TCRBV11-01	1.3193636010865346E-4
CASSSEGGTYNEQFF	TCRBV05-06	1.3193636010865346E-4
CASSFDVSTDTQYF	TCRBV05-04	1.3193636010865346E-4
CASSRPGQGTSDTQYF	TCRBV11-03	1.3193636010865346E-4
CASRRELSANTGELFF	TCRBV18-01	1.3193636010865346E-4
CASTHSGTSQFF	TCRBV07-02	1.2417539774932092E-4
CASSIGDRSTDTQYF	TCRBV19-01	1.2417539774932092E-4
CASSLWGQGGETQYF	TCRBV05-01	1.2417539774932092E-4
CASSLRDWRDSQETQYF	TCRBV13-01	1.2417539774932092E-4
CASSNLRVNQPQHF	TCRBV21-01	1.2417539774932092E-4
CASSLGSLPTADTQYF	TCRBV11-02	1.2417539774932092E-4
CASNSGGDTQYF	TCRBV06-05	1.1641443538998836E-4
CASSPPGGMETQYF	TCRBV18-01	1.1641443538998836E-4
CASSFAGRWGETQYF	TCRBV05-06	1.1641443538998836E-4
CASSALTETEETQYF	TCRBV28-01	1.1641443538998836E-4
CASSTLLGVDTDTQYF	TCRBV19-01	1.1641443538998836E-4
CASSPGLYNEQFF	TCRBV18-01	1.1641443538998836E-4
CASSNNPDGSTEAFF	TCRBV07-06	1.1641443538998836E-4
CASSPGTSGASSHNEQFF	TCRBV11-03	1.1641443538998836E-4
CASSSGTTSDTQYF	TCRBV05-01	1.086534730306558E-4
CASRTSLGGGRETQYF	TCRBV25-01	1.086534730306558E-4
CASSGYSGAHLVYNEQFF	TCRBV05-04	1.086534730306558E-4
CASGASTDTQYF	TCRBV28-01	1.086534730306558E-4
CASRASRREQFF	TCRBV02-01	1.086534730306558E-4
CASSLTGTSNEQFF	TCRBV07-03	1.086534730306558E-4
CASSLSMGARNTDTQYF	TCRBV27-01	1.086534730306558E-4
CASSSSPGLALAYEQYF	TCRBV13-01	1.086534730306558E-4
CAITGEGGGYTF	TCRBV10-03	1.086534730306558E-4
CASSFGQGDEKLFF	TCRBV05-01	1.086534730306558E-4
CASSPRSPGQGAHNEQFF	TCRBV18-01	1.086534730306558E-4
CASRGQGFYNEQFF	TCRBV09-01	1.086534730306558E-4
CASSPLGETQYF	TCRBV06-01	1.0089251067132324E-4
CASSPDRTGETQYF	TCRBV07-07	1.0089251067132324E-4
CATSRDRDYNEQFF	TCRBV15-01	1.0089251067132324E-4
CASRGLAEYTGELFF	TCRBV28-01	1.0089251067132324E-4
CATLGPPSTDTQYF	TCRBV06-01	9.313154831199069E-5
CASGANSPLHF	TCRBV27-01	9.313154831199069E-5
CASSYRTHAGTDTQYF	TCRBV06-05	9.313154831199069E-5
CAISVLSGGLYTQYF	TCRBV10-03	9.313154831199069E-5
CASSPPPGGNQPQHF	TCRBV18-01	9.313154831199069E-5
CASRQTAGELNYGYTF	TCRBV19-01	8.537058595265813E-5
CASSPARTSGGQETQYF	TCRBV11-02	8.537058595265813E-5
CASSTQQGFLDRNTYEQYF	TCRBV04-01	8.537058595265813E-5
CAIRGPGGETSTDTQYF	TCRBV10-03	8.537058595265813E-5
CASSLYEKVRTGGLDTQYF	TCRBV05-04	8.537058595265813E-5
CASSLWDRNEKLFF	TCRBV07-02	8.537058595265813E-5
CASNRRLAGYNEQFF	TCRBV19-01	8.537058595265813E-5
CASSRQGGMDWDEQFF	TCRBV12-01	7.760962359332557E-5
CASSIFSGSYNEQFF	TCRBV19-01	7.760962359332557E-5
CASTPSKYNEQFF	TCRBV21-01	7.760962359332557E-5
CASSPRPEETQYF	TCRBV07-09	7.760962359332557E-5
CASSAGTISTDTQYF	TCRBV04-01	7.760962359332557E-5
CASSEGLARTVQETQYF	TCRBV02-01	7.760962359332557E-5
CSVNDRWVNTEAFF	TCRBV29-01	7.760962359332557E-5
CASTLAGVREQFF	TCRBV25-01	6.984866123399302E-5
CAISDLTLAGTPFSGANVLTF	TCRBV10-03	6.984866123399302E-5
CASSVGIGETQYF	TCRBV09-01	6.984866123399302E-5
CASSQDQTGSDEQFF	TCRBV02-01	6.208769887466046E-5
CASSSGTGGSYNSPLHF	TCRBV28-01	6.208769887466046E-5
CASSSGLGSYNEQFF	TCRBV05-01	6.208769887466046E-5
CASSPRTGGYEQYF	TCRBV27-01	6.208769887466046E-5
CASSLETSGDNEQFF	TCRBV27-01	6.208769887466046E-5
CASSLKQGSGGADTQYF	TCRBV07-02	6.208769887466046E-5
CASRQVYSPLHF	TCRBV06-05	6.208769887466046E-5
CASRGRAEAGELFF	TCRBV11-02	6.208769887466046E-5
CASSLGNSAGTDTQYF	TCRBV11-02	6.208769887466046E-5
CASSSVTGGWGPQHF	TCRBV28-01	6.208769887466046E-5
CASSLAVAGQELGNTIYF	TCRBV05-05	5.43267365153279E-5
CASSIESWTSGRHEQFF	TCRBV19-01	5.43267365153279E-5
CASRSSGRAWIKDTQYF	TCRBV28-01	5.43267365153279E-5
CASSLVFRGTDQETQYF	TCRBV05-04	5.43267365153279E-5
CASSLEGWGGLGNEQFF	TCRBV27-01	5.43267365153279E-5
CASSEEGRNIRYF	TCRBV06-01	5.43267365153279E-5
CASSLTTNNEQFF	TCRBV07-02	4.6565774155995343E-5
CASRTSQGRNIQYF	TCRBV27-01	4.6565774155995343E-5
CASSYSSTGQIRLFF	TCRBV06-05	4.6565774155995343E-5
CAISELLAGGRFPDTQYF	TCRBV10-03	4.6565774155995343E-5
CAWSVLRGADAKTQYF	TCRBV30-01	4.6565774155995343E-5
CASSDRGGGEGNEQFF	TCRBV09-01	4.6565774155995343E-5
CASSSAGAQYF	TCRBV07-06	4.6565774155995343E-5
CASSYSGTDEQYF	TCRBV06-06	4.6565774155995343E-5
CASSDVQGTTNEKLFF	TCRBV05-01	4.6565774155995343E-5
CASSSTSGRAGGQF	TCRBV27-01	3.8804811796662786E-5
CASGILRTGYNEQFF	TCRBV27-01	3.8804811796662786E-5
CASTRLNSNNEQFF	TCRBV27-01	3.8804811796662786E-5
CASSKESVFYEQYF	TCRBV21-01	3.8804811796662786E-5
CASSPGASRWLNIQYF	TCRBV27-01	3.8804811796662786E-5
CASSLGDGNEQFF	TCRBV07-07	3.8804811796662786E-5
CASSIARSTDTQYF	TCRBV19-01	3.8804811796662786E-5
CASEWTHSRKTYGYTF	TCRBV09-01	3.8804811796662786E-5
CASRTGLAVYNEQFF	TCRBV11-02	3.8804811796662786E-5
CASSSGRTVYEQYF	TCRBV05-01	3.8804811796662786E-5
CASSPGTSKETQYF	TCRBV18-01	3.8804811796662786E-5
CASSDLKETQYF	TCRBV19-01	3.8804811796662786E-5
CASSEEGGRRTRTDTQYF	TCRBV06-01	3.8804811796662786E-5
CASSRQERWNTGELFF	TCRBV05-06	3.8804811796662786E-5
CASSPLTLQGSGANVLTF	TCRBV05-01	3.8804811796662786E-5
CASSASTGRNQPQHF	TCRBV06-05	3.8804811796662786E-5
CASSYSGTDEQYF	TCRBV06-06	3.8804811796662786E-5
CASSQDQGLADTTDTQYF	TCRBV04-02	3.104384943733023E-5
CASSSSQGAEQYF	TCRBV07-06	3.104384943733023E-5
CASSFPGTGVNEQFF	TCRBV07-06	3.104384943733023E-5
CASSPPGGQKIEQFF	TCRBV07-09	3.104384943733023E-5
CASSSGLAGSSYEQYF	TCRBV18-01	3.104384943733023E-5
CASSLERGGWNEQFF	TCRBV11-03	3.104384943733023E-5
CASRAGTGKYGYTF	TCRBV06-01	3.104384943733023E-5
CASSLERGGWNEQFF	TCRBV11-01	3.104384943733023E-5
CVSSSPGQSSGANVLTF	TCRBV27-01	3.104384943733023E-5
CASSYSGDDTQYF	TCRBV06-06	3.104384943733023E-5
CASRAGTGKYGYTF	TCRBV06-06	3.104384943733023E-5
CASSYPAGGAPYEQYF	TCRBV06-08	3.104384943733023E-5
CASSYNAGTQYF	TCRBV06-09	3.104384943733023E-5
CASSLETRVAGERGEQFF	TCRBV07-06	3.104384943733023E-5
CASSPGQGSYEQYF	TCRBV06-06	3.104384943733023E-5
CASSLDQGGTLNIGELFF	TCRBV11-03	3.104384943733023E-5
CASSLNPKAGKIYGYTF	TCRBV11-01	3.104384943733023E-5
CASSQDRGLEKLFF	TCRBV16-01	3.104384943733023E-5
CASSQDPSLMHGYTF	TCRBV04-01	3.104384943733023E-5
CASRGEGYEQFF	TCRBV02-01	3.104384943733023E-5
CASSQGFQNEAFF	TCRBV04-01	3.104384943733023E-5
CASSLGFGSNEQFF	TCRBV11-03	3.104384943733023E-5
CASSYNAGTQYF	TCRBV06-06	3.104384943733023E-5
CASSQDSGWPLYEQYF	TCRBV04-03	3.104384943733023E-5
CASSGWGRDEQFF	TCRBV09-01	3.104384943733023E-5
CASSQGGRNSPLHF	TCRBV14-01	3.104384943733023E-5
CASSSSQGAEQYF	TCRBV07-07	3.104384943733023E-5
CASSLVTSSQETQYF	TCRBV05-06	2.3282887077997672E-5
CASSSPVGGSYEQYF	TCRBV27-01	2.3282887077997672E-5
CASSSRGQAGNTIYF	TCRBV05-05	2.3282887077997672E-5
CASSSRTDPLAQHF	TCRBV27-01	2.3282887077997672E-5
CASSIGGQGIYRETQYF	TCRBV19-01	2.3282887077997672E-5
CASSLSRLDTQYF	TCRBV27-01	2.3282887077997672E-5
CASSGSAGGLGSTDTQYF	TCRBV27-01	2.3282887077997672E-5
CASSGGQGERELFF	TCRBV09-01	2.3282887077997672E-5
CASSQNNGNEQYF	TCRBV28-01	2.3282887077997672E-5
CASSPRSGGGETQYF	TCRBV07-09	2.3282887077997672E-5
CASSLGTGGEKLFF	TCRBV13-01	2.3282887077997672E-5
CASSEHGISSTDTQYF	TCRBV02-01	2.3282887077997672E-5
CASSYTSGLYEQYF	TCRBV27-01	2.3282887077997672E-5
CASREGTNLAKNIRYF	TCRBV07-06	2.3282887077997672E-5
CAGSPPGGMETQYF	TCRBV18-01	1.5521924718665114E-5
CASSSSAVYEQYF	TCRBV19-01	1.5521924718665114E-5
CASRGQGFYNEQFF	TCRBV09-01	1.5521924718665114E-5
CASSDQGGYEQYF	TCRBV06-01	1.5521924718665114E-5
CAASSREAQPQHF	TCRBV06-05	1.5521924718665114E-5
CASSSTGRSYNSPLHF	TCRBV05-06	1.5521924718665114E-5
CASSEASGGGADTQYF	TCRBV06-01	1.5521924718665114E-5
CASSSWGQGRDGYTF	TCRBV06-05	1.5521924718665114E-5
CASSYSQLTEAFF	TCRBV06-05	1.5521924718665114E-5
CASSRTSGRMNEQFF	TCRBV18-01	1.5521924718665114E-5
CASSGLSAVHF	TCRBV30-01	1.5521924718665114E-5
CATSRGDTVLNEQFF	TCRBV15-01	1.5521924718665114E-5
CASSSGTGWTEAFF	TCRBV07-02	1.5521924718665114E-5
CASSSGLGSYNEQFF	TCRBV05-01	1.5521924718665114E-5
CASSEGLARTVQETQYF	TCRBV02-01	1.5521924718665114E-5
CSFNDGGAVGVDTQYF	TCRBV29-01	1.5521924718665114E-5
CASSHRQRNEKLFF	TCRBV04-03	1.5521924718665114E-5
CASSQGLAGAYEQYF	TCRBV04-03	1.5521924718665114E-5
CASSQGLAGAYEQYF	TCRBV04-03	1.5521924718665114E-5
CASSQEGETQYF	TCRBV04-01	1.5521924718665114E-5
CSVSYRGGYEQYF	TCRBV29-01	1.5521924718665114E-5
CSVGSGGTNEKLFF	TCRBV29-01	1.5521924718665114E-5
CASSRIGLATETQYF	TCRBV07-06	1.5521924718665114E-5
CAGSFGQGDEKLFF	TCRBV05-01	1.5521924718665114E-5
CASTNSPTGRSPLHF	TCRBV05-01	1.5521924718665114E-5
CASSQDQTGSDEQFF	TCRBV02-01	1.5521924718665114E-5
CASSLEQGGTSGSHEQFF	TCRBV11-03	1.5521924718665114E-5
CASSLGRAGTGASTDTQYF	TCRBV07-08	1.5521924718665114E-5
CASSDESFTRKIYGYTF	TCRBV07-08	1.5521924718665114E-5
CASSKTSGDYNEQFF	TCRBV19-01	1.5521924718665114E-5
CASSFVVSGADTQYF	TCRBV11-02	1.5521924718665114E-5
CASSEGPGTETVEAFF	TCRBV25-01	1.5521924718665114E-5
